"Source:","C:\Users\adria\My Drive\Proyectos de electr√≥nica\Project K+ Rev 2.0\Project K+ Rev 2.0.kicad_sch"
"Date:","28/11/2022 11:19:07"
"Tool:","Eeschema (6.0.6)"
"Generator:","D:\Program Files\KiCad\6.0\bin\scripting\plugins/bom_csv_grouped_by_value.py"
"Component Count:","758"

"Individual Components:"

"Item","Qty","Reference(s)","Value","LibPart","Footprint","Datasheet"
"","","C1","100n","Device:C","Capacitor_SMD:C_0603_1608Metric","~"
"","","C2","100n","Device:C","Capacitor_SMD:C_0603_1608Metric","~"
"","","C3","100n","Device:C","Capacitor_SMD:C_0603_1608Metric","~"
"","","C4","100n","Device:C","Capacitor_SMD:C_0603_1608Metric","~"
"","","C5","100n","Device:C","Capacitor_SMD:C_0603_1608Metric","~"
"","","C6","100n","Device:C","Capacitor_SMD:C_0603_1608Metric","~"
"","","C7","100n","Device:C","Capacitor_SMD:C_0603_1608Metric","~"
"","","C8","100n","Device:C","Capacitor_SMD:C_0603_1608Metric","~"
"","","C9","100n","Device:C","Capacitor_SMD:C_0603_1608Metric","~"
"","","C10","100n","Device:C","Capacitor_SMD:C_0603_1608Metric","~"
"","","C11","100n","Device:C","Capacitor_SMD:C_0603_1608Metric","~"
"","","C12","100n","Device:C","Capacitor_SMD:C_0603_1608Metric","~"
"","","C13","100n","Device:C","Capacitor_SMD:C_0603_1608Metric","~"
"","","C14","100n","Device:C","Capacitor_SMD:C_0603_1608Metric","~"
"","","C15","100n","Device:C","Capacitor_SMD:C_0603_1608Metric","~"
"","","C16","100n","Device:C","Capacitor_SMD:C_0603_1608Metric","~"
"","","C17","100n","Device:C","Capacitor_SMD:C_0603_1608Metric","~"
"","","C18","100n","Device:C","Capacitor_SMD:C_0603_1608Metric","~"
"","","C19","100n","Device:C","Capacitor_SMD:C_0603_1608Metric","~"
"","","C20","100n","Device:C","Capacitor_SMD:C_0603_1608Metric","~"
"","","C21","100n","Device:C","Capacitor_SMD:C_0603_1608Metric","~"
"","","C22","100n","Device:C","Capacitor_SMD:C_0603_1608Metric","~"
"","","C23","100n","Device:C","Capacitor_SMD:C_0603_1608Metric","~"
"","","C24","100n","Device:C","Capacitor_SMD:C_0603_1608Metric","~"
"","","C25","100n","Device:C","Capacitor_SMD:C_0603_1608Metric","~"
"","","C26","100n","Device:C","Capacitor_SMD:C_0603_1608Metric","~"
"","","C27","100n","Device:C","Capacitor_SMD:C_0603_1608Metric","~"
"","","C28","100n","Device:C","Capacitor_SMD:C_0603_1608Metric","~"
"","","C29","100n","Device:C","Capacitor_SMD:C_0603_1608Metric","~"
"","","C30","100n","Device:C","Capacitor_SMD:C_0603_1608Metric","~"
"","","C31","100n","Device:C","Capacitor_SMD:C_0603_1608Metric","~"
"","","C32","100n","Device:C","Capacitor_SMD:C_0603_1608Metric","~"
"","","C33","100n","Device:C","Capacitor_SMD:C_0603_1608Metric","~"
"","","C34","100n","Device:C","Capacitor_SMD:C_0603_1608Metric","~"
"","","C35","100n","Device:C","Capacitor_SMD:C_0603_1608Metric","~"
"","","C36","100n","Device:C","Capacitor_SMD:C_0603_1608Metric","~"
"","","C37","100n","Device:C","Capacitor_SMD:C_0603_1608Metric","~"
"","","C38","100n","Device:C","Capacitor_SMD:C_0603_1608Metric","~"
"","","C39","100n","Device:C","Capacitor_SMD:C_0603_1608Metric","~"
"","","C40","100n","Device:C","Capacitor_SMD:C_0603_1608Metric","~"
"","","C41","100n","Device:C","Capacitor_SMD:C_0603_1608Metric","~"
"","","C42","100n","Device:C","Capacitor_SMD:C_0603_1608Metric","~"
"","","C43","100n","Device:C","Capacitor_SMD:C_0603_1608Metric","~"
"","","C44","100n","Device:C","Capacitor_SMD:C_0603_1608Metric","~"
"","","C45","100n","Device:C","Capacitor_SMD:C_0603_1608Metric","~"
"","","C46","100n","Device:C","Capacitor_SMD:C_0603_1608Metric","~"
"","","C47","100n","Device:C","Capacitor_SMD:C_0603_1608Metric","~"
"","","C48","100n","Device:C","Capacitor_SMD:C_0603_1608Metric","~"
"","","C49","100n","Device:C","Capacitor_SMD:C_0603_1608Metric","~"
"","","C50","100n","Device:C","Capacitor_SMD:C_0603_1608Metric","~"
"","","C51","100n","Device:C","Capacitor_SMD:C_0603_1608Metric","~"
"","","C52","100n","Device:C","Capacitor_SMD:C_0603_1608Metric","~"
"","","C53","100n","Device:C","Capacitor_SMD:C_0603_1608Metric","~"
"","","C54","100n","Device:C","Capacitor_SMD:C_0603_1608Metric","~"
"","","C55","100n","Device:C","Capacitor_SMD:C_0603_1608Metric","~"
"","","C56","100n","Device:C","Capacitor_SMD:C_0603_1608Metric","~"
"","","C57","100n","Device:C","Capacitor_SMD:C_0603_1608Metric","~"
"","","C58","100n","Device:C","Capacitor_SMD:C_0603_1608Metric","~"
"","","C59","100n","Device:C","Capacitor_SMD:C_0603_1608Metric","~"
"","","C60","100n","Device:C","Capacitor_SMD:C_0603_1608Metric","~"
"","","C61","100n","Device:C","Capacitor_SMD:C_0603_1608Metric","~"
"","","C62","100n","Device:C","Capacitor_SMD:C_0603_1608Metric","~"
"","","C63","100n","Device:C","Capacitor_SMD:C_0603_1608Metric","~"
"","","C64","100n","Device:C","Capacitor_SMD:C_0603_1608Metric","~"
"","","C65","100n","Device:C","Capacitor_SMD:C_0603_1608Metric","~"
"","","C66","100n","Device:C","Capacitor_SMD:C_0603_1608Metric","~"
"","","C67","100n","Device:C","Capacitor_SMD:C_0603_1608Metric","~"
"","","C68","100n","Device:C","Capacitor_SMD:C_0603_1608Metric","~"
"","","C69","100n","Device:C","Capacitor_SMD:C_0603_1608Metric","~"
"","","C70","100n","Device:C","Capacitor_SMD:C_0603_1608Metric","~"
"","","C71","100n","Device:C","Capacitor_SMD:C_0603_1608Metric","~"
"","","C72","100n","Device:C","Capacitor_SMD:C_0603_1608Metric","~"
"","","C73","100n","Device:C","Capacitor_SMD:C_0603_1608Metric","~"
"","","C74","100n","Device:C","Capacitor_SMD:C_0603_1608Metric","~"
"","","C75","100n","Device:C","Capacitor_SMD:C_0603_1608Metric","~"
"","","C76","100n","Device:C","Capacitor_SMD:C_0603_1608Metric","~"
"","","C77","100n","Device:C","Capacitor_SMD:C_0603_1608Metric","~"
"","","C78","100n","Device:C","Capacitor_SMD:C_0603_1608Metric","~"
"","","C79","100n","Device:C","Capacitor_SMD:C_0603_1608Metric","~"
"","","C80","100n","Device:C","Capacitor_SMD:C_0603_1608Metric","~"
"","","C81","100n","Device:C","Capacitor_SMD:C_0603_1608Metric","~"
"","","C82","100n","Device:C","Capacitor_SMD:C_0603_1608Metric","~"
"","","C83","100n","Device:C","Capacitor_SMD:C_0603_1608Metric","~"
"","","C84","100n","Device:C","Capacitor_SMD:C_0603_1608Metric","~"
"","","C85","100n","Device:C","Capacitor_SMD:C_0603_1608Metric","~"
"","","C86","100n","Device:C","Capacitor_SMD:C_0603_1608Metric","~"
"","","C87","100n","Device:C","Capacitor_SMD:C_0603_1608Metric","~"
"","","C88","100n","Device:C","Capacitor_SMD:C_0603_1608Metric","~"
"","","C89","100n","Device:C","Capacitor_SMD:C_0603_1608Metric","~"
"","","C90","100n","Device:C","Capacitor_SMD:C_0603_1608Metric","~"
"","","C91","100n","Device:C","Capacitor_SMD:C_0603_1608Metric","~"
"","","C92","100n","Device:C","Capacitor_SMD:C_0603_1608Metric","~"
"","","C93","100n","Device:C","Capacitor_SMD:C_0603_1608Metric","~"
"","","C94","100n","Device:C","Capacitor_SMD:C_0603_1608Metric","~"
"","","C95","100n","Device:C","Capacitor_SMD:C_0603_1608Metric","~"
"","","C96","100n","Device:C","Capacitor_SMD:C_0603_1608Metric","~"
"","","C97","100n","Device:C","Capacitor_SMD:C_0603_1608Metric","~"
"","","C98","100n","Device:C","Capacitor_SMD:C_0603_1608Metric","~"
"","","C99","100n","Device:C","Capacitor_SMD:C_0603_1608Metric","~"
"","","C100","100n","Device:C","Capacitor_SMD:C_0603_1608Metric","~"
"","","C101","100n","Device:C","Capacitor_SMD:C_0603_1608Metric","~"
"","","C102","100n","Device:C","Capacitor_SMD:C_0603_1608Metric","~"
"","","C103","100n","Device:C","Capacitor_SMD:C_0603_1608Metric","~"
"","","C104","100n","Device:C","Capacitor_SMD:C_0603_1608Metric","~"
"","","C105","10nF","Device:C","Capacitor_SMD:C_0603_1608Metric","~"
"","","C106","10nF","Device:C","Capacitor_SMD:C_0603_1608Metric","~"
"","","C107","10nF","Device:C","Capacitor_SMD:C_0603_1608Metric","~"
"","","C108","10nF","Device:C","Capacitor_SMD:C_0603_1608Metric","~"
"","","C109","10nF","Device:C","Capacitor_SMD:C_0603_1608Metric","~"
"","","C110","10nF","Device:C","Capacitor_SMD:C_0603_1608Metric","~"
"","","C111","10nF","Device:C","Capacitor_SMD:C_0603_1608Metric","~"
"","","C112","10nF","Device:C","Capacitor_SMD:C_0603_1608Metric","~"
"","","C113","22pF","Device:C","Capacitor_SMD:C_0603_1608Metric","~"
"","","C114","20pF","Device:C","Capacitor_SMD:C_0603_1608Metric","~"
"","","C115","20pF","Device:C","Capacitor_SMD:C_0603_1608Metric","~"
"","","C116","100nF","Device:C","Capacitor_SMD:C_0603_1608Metric","~"
"","","C117","100nF","Device:C","Capacitor_SMD:C_0603_1608Metric","~"
"","","C118","100nF","Device:C","Capacitor_SMD:C_0603_1608Metric","~"
"","","C119","100nF","Device:C","Capacitor_SMD:C_0603_1608Metric","~"
"","","C120","100nF","Device:C","Capacitor_SMD:C_0603_1608Metric","~"
"","","C121","100nF","Device:C","Capacitor_SMD:C_0603_1608Metric","~"
"","","C122","100nF","Device:C","Capacitor_SMD:C_0603_1608Metric","~"
"","","C123","20pF","Device:C","Capacitor_SMD:C_0603_1608Metric","~"
"","","C124","20pF","Device:C","Capacitor_SMD:C_0603_1608Metric","~"
"","","C125","100nF","Device:C","Capacitor_SMD:C_0603_1608Metric","~"
"","","C126","100nF","Device:C","Capacitor_SMD:C_0603_1608Metric","~"
"","","C127","100nF","Device:C","Capacitor_SMD:C_0603_1608Metric","~"
"","","C128","100nF","Device:C","Capacitor_SMD:C_0603_1608Metric","~"
"","","C129","100nF","Device:C","Capacitor_SMD:C_0603_1608Metric","~"
"","","C130","100nF","Device:C","Capacitor_SMD:C_0603_1608Metric","~"
"","","C131","100nF","Device:C","Capacitor_SMD:C_0603_1608Metric","~"
"","","C132","100nF","Device:C","Capacitor_SMD:C_0603_1608Metric","~"
"","","C133","100nF","Device:C","Capacitor_SMD:C_0603_1608Metric","~"
"","","C134","100nF","Device:C","Capacitor_SMD:C_0603_1608Metric","~"
"","","C135","20pF","Device:C","Capacitor_SMD:C_0603_1608Metric","~"
"","","C136","20pF","Device:C","Capacitor_SMD:C_0603_1608Metric","~"
"","","C137","100nF","Device:C","Capacitor_SMD:C_0603_1608Metric","~"
"","","C138","100nF","Device:C","Capacitor_SMD:C_0603_1608Metric","~"
"","","C139","100nF","Device:C","Capacitor_SMD:C_0603_1608Metric","~"
"","","C140","100nF","Device:C","Capacitor_SMD:C_0603_1608Metric","~"
"","","C141","100nF","Device:C","Capacitor_SMD:C_0603_1608Metric","~"
"","","C142","100nF","Device:C","Capacitor_SMD:C_0603_1608Metric","~"
"","","C143","100nF","Device:C","Capacitor_SMD:C_0603_1608Metric","~"
"","","C144","100nF","Device:C","Capacitor_SMD:C_0603_1608Metric","~"
"","","C145","100nF","Device:C","Capacitor_SMD:C_0603_1608Metric","~"
"","","C146","100nF","Device:C","Capacitor_SMD:C_0603_1608Metric","~"
"","","C147","20pF","Device:C","Capacitor_SMD:C_0603_1608Metric","~"
"","","C148","20pF","Device:C","Capacitor_SMD:C_0603_1608Metric","~"
"","","C149","100nF","Device:C","Capacitor_SMD:C_0603_1608Metric","~"
"","","C150","100nF","Device:C","Capacitor_SMD:C_0603_1608Metric","~"
"","","C151","100nF","Device:C","Capacitor_SMD:C_0603_1608Metric","~"
"","","C152","100nF","Device:C","Capacitor_SMD:C_0603_1608Metric","~"
"","","C153","100nF","Device:C","Capacitor_SMD:C_0603_1608Metric","~"
"","","C154","100nF","Device:C","Capacitor_SMD:C_0603_1608Metric","~"
"","","C155","22uF","Device:C","Capacitor_SMD:C_0603_1608Metric","~"
"","","C156","10uF","Device:C","Capacitor_SMD:C_0603_1608Metric","~"
"","","C157","22uF","Device:C","Capacitor_SMD:C_0603_1608Metric","~"
"","","C158","100n","Device:C","Capacitor_SMD:C_0603_1608Metric","~"
"","","C159","100nF","Device:C","Capacitor_SMD:C_0603_1608Metric","~"
"","","C160","20pF","Device:C","Capacitor_SMD:C_0603_1608Metric","~"
"","","C161","20pF","Device:C","Capacitor_SMD:C_0603_1608Metric","~"
"","","C162","1uF","Device:C","Capacitor_SMD:C_0603_1608Metric","~"
"","","C163","22pF","Device:C","Capacitor_SMD:C_0603_1608Metric","~"
"","","C164","20pF","Device:C","Capacitor_SMD:C_0603_1608Metric","~"
"","","C165","20pF","Device:C","Capacitor_SMD:C_0603_1608Metric","~"
"","","C166","100nF","Device:C","Capacitor_SMD:C_0603_1608Metric","~"
"","","C167","100nF","Device:C","Capacitor_SMD:C_0603_1608Metric","~"
"","","C168","100nF","Device:C","Capacitor_SMD:C_0603_1608Metric","~"
"","","C169","100nF","Device:C","Capacitor_SMD:C_0603_1608Metric","~"
"","","C170","20pF","Device:C","Capacitor_SMD:C_0603_1608Metric","~"
"","","C171","20pF","Device:C","Capacitor_SMD:C_0603_1608Metric","~"
"","","C172","1uF","Device:C","Capacitor_SMD:C_0603_1608Metric","~"
"","","C173","22pF","Device:C","Capacitor_SMD:C_0603_1608Metric","~"
"","","C174","20pF","Device:C","Capacitor_SMD:C_0603_1608Metric","~"
"","","C175","20pF","Device:C","Capacitor_SMD:C_0603_1608Metric","~"
"","","C176","100nF","Device:C","Capacitor_SMD:C_0603_1608Metric","~"
"","","C177","100nF","Device:C","Capacitor_SMD:C_0603_1608Metric","~"
"","","C178","100nF","Device:C","Capacitor_SMD:C_0603_1608Metric","~"
"","","C179","100nF","Device:C","Capacitor_SMD:C_0603_1608Metric","~"
"","","C180","20pF","Device:C","Capacitor_SMD:C_0603_1608Metric","~"
"","","C181","20pF","Device:C","Capacitor_SMD:C_0603_1608Metric","~"
"","","C182","1uF","Device:C","Capacitor_SMD:C_0603_1608Metric","~"
"","","C183","10nF","Device:C","Capacitor_SMD:C_0603_1608Metric","~"
"","","C184","10nF","Device:C","Capacitor_SMD:C_0603_1608Metric","~"
"","","C185","100nF","Device:C","Capacitor_SMD:C_0603_1608Metric","~"
"","","C186","100nF","Device:C","Capacitor_SMD:C_0603_1608Metric","~"
"","","C187","100nF","Device:C","Capacitor_SMD:C_0603_1608Metric","~"
"","","D1","1N4148W","Device:D","Diode_SMD:D_SOD-123","~"
"","","D2","1N4148W","Device:D","Diode_SMD:D_SOD-123","~"
"","","D3","1N4148W","Device:D","Diode_SMD:D_SOD-123","~"
"","","D4","1N4148W","Device:D","Diode_SMD:D_SOD-123","~"
"","","D5","1N4148W","Device:D","Diode_SMD:D_SOD-123","~"
"","","D6","1N4148W","Device:D","Diode_SMD:D_SOD-123","~"
"","","D7","1N4148W","Device:D","Diode_SMD:D_SOD-123","~"
"","","D8","1N4148W","Device:D","Diode_SMD:D_SOD-123","~"
"","","D9","1N4148W","Device:D","Diode_SMD:D_SOD-123","~"
"","","D10","1N4148W","Device:D","Diode_SMD:D_SOD-123","~"
"","","D11","1N4148W","Device:D","Diode_SMD:D_SOD-123","~"
"","","D12","1N4148W","Device:D","Diode_SMD:D_SOD-123","~"
"","","D13","1N4148W","Device:D","Diode_SMD:D_SOD-123","~"
"","","D14","1N4148W","Device:D","Diode_SMD:D_SOD-123","~"
"","","D15","1N4148W","Device:D","Diode_SMD:D_SOD-123","~"
"","","D16","1N4148W","Device:D","Diode_SMD:D_SOD-123","~"
"","","D17","1N4148W","Device:D","Diode_SMD:D_SOD-123","~"
"","","D18","1N4148W","Device:D","Diode_SMD:D_SOD-123","~"
"","","D19","1N4148W","Device:D","Diode_SMD:D_SOD-123","~"
"","","D20","1N4148W","Device:D","Diode_SMD:D_SOD-123","~"
"","","D21","1N4148W","Device:D","Diode_SMD:D_SOD-123","~"
"","","D22","1N4148W","Device:D","Diode_SMD:D_SOD-123","~"
"","","D23","1N4148W","Device:D","Diode_SMD:D_SOD-123","~"
"","","D24","1N4148W","Device:D","Diode_SMD:D_SOD-123","~"
"","","D25","1N4148W","Device:D","Diode_SMD:D_SOD-123","~"
"","","D26","1N4148W","Device:D","Diode_SMD:D_SOD-123","~"
"","","D27","1N4148W","Device:D","Diode_SMD:D_SOD-123","~"
"","","D28","1N4148W","Device:D","Diode_SMD:D_SOD-123","~"
"","","D29","1N4148W","Device:D","Diode_SMD:D_SOD-123","~"
"","","D30","1N4148W","Device:D","Diode_SMD:D_SOD-123","~"
"","","D31","1N4148W","Device:D","Diode_SMD:D_SOD-123","~"
"","","D32","1N4148W","Device:D","Diode_SMD:D_SOD-123","~"
"","","D33","1N4148W","Device:D","Diode_SMD:D_SOD-123","~"
"","","D34","1N4148W","Device:D","Diode_SMD:D_SOD-123","~"
"","","D35","1N4148W","Device:D","Diode_SMD:D_SOD-123","~"
"","","D36","1N4148W","Device:D","Diode_SMD:D_SOD-123","~"
"","","D37","1N4148W","Device:D","Diode_SMD:D_SOD-123","~"
"","","D38","1N4148W","Device:D","Diode_SMD:D_SOD-123","~"
"","","D39","1N4148W","Device:D","Diode_SMD:D_SOD-123","~"
"","","D40","1N4148W","Device:D","Diode_SMD:D_SOD-123","~"
"","","D41","1N4148W","Device:D","Diode_SMD:D_SOD-123","~"
"","","D42","1N4148W","Device:D","Diode_SMD:D_SOD-123","~"
"","","D43","1N4148W","Device:D","Diode_SMD:D_SOD-123","~"
"","","D44","1N4148W","Device:D","Diode_SMD:D_SOD-123","~"
"","","D45","1N4148W","Device:D","Diode_SMD:D_SOD-123","~"
"","","D46","1N4148W","Device:D","Diode_SMD:D_SOD-123","~"
"","","D47","1N4148W","Device:D","Diode_SMD:D_SOD-123","~"
"","","D48","1N4148W","Device:D","Diode_SMD:D_SOD-123","~"
"","","D49","1N4148W","Device:D","Diode_SMD:D_SOD-123","~"
"","","D50","1N4148W","Device:D","Diode_SMD:D_SOD-123","~"
"","","D51","1N4148W","Device:D","Diode_SMD:D_SOD-123","~"
"","","D52","1N4148W","Device:D","Diode_SMD:D_SOD-123","~"
"","","D53","1N4148W","Device:D","Diode_SMD:D_SOD-123","~"
"","","D54","1N4148W","Device:D","Diode_SMD:D_SOD-123","~"
"","","D55","1N4148W","Device:D","Diode_SMD:D_SOD-123","~"
"","","D56","1N4148W","Device:D","Diode_SMD:D_SOD-123","~"
"","","D57","1N4148W","Device:D","Diode_SMD:D_SOD-123","~"
"","","D58","1N4148W","Device:D","Diode_SMD:D_SOD-123","~"
"","","D59","1N4148W","Device:D","Diode_SMD:D_SOD-123","~"
"","","D60","1N4148W","Device:D","Diode_SMD:D_SOD-123","~"
"","","D61","1N4148W","Device:D","Diode_SMD:D_SOD-123","~"
"","","D62","1N4148W","Device:D","Diode_SMD:D_SOD-123","~"
"","","D63","1N4148W","Device:D","Diode_SMD:D_SOD-123","~"
"","","D64","1N4148W","Device:D","Diode_SMD:D_SOD-123","~"
"","","D65","1N4148W","Device:D","Diode_SMD:D_SOD-123","~"
"","","D66","1N4148W","Device:D","Diode_SMD:D_SOD-123","~"
"","","D67","1N4148W","Device:D","Diode_SMD:D_SOD-123","~"
"","","D68","1N4148W","Device:D","Diode_SMD:D_SOD-123","~"
"","","D69","1N4148W","Device:D","Diode_SMD:D_SOD-123","~"
"","","D70","1N4148W","Device:D","Diode_SMD:D_SOD-123","~"
"","","D71","1N4148W","Device:D","Diode_SMD:D_SOD-123","~"
"","","D72","1N4148W","Device:D","Diode_SMD:D_SOD-123","~"
"","","D73","1N4148W","Device:D","Diode_SMD:D_SOD-123","~"
"","","D74","1N4148W","Device:D","Diode_SMD:D_SOD-123","~"
"","","D75","1N4148W","Device:D","Diode_SMD:D_SOD-123","~"
"","","D76","1N4148W","Device:D","Diode_SMD:D_SOD-123","~"
"","","D77","1N4148W","Device:D","Diode_SMD:D_SOD-123","~"
"","","D78","1N4148W","Device:D","Diode_SMD:D_SOD-123","~"
"","","D79","1N4148W","Device:D","Diode_SMD:D_SOD-123","~"
"","","D80","1N4148W","Device:D","Diode_SMD:D_SOD-123","~"
"","","D81","1N4148W","Device:D","Diode_SMD:D_SOD-123","~"
"","","D82","1N4148W","Device:D","Diode_SMD:D_SOD-123","~"
"","","D83","1N4148W","Device:D","Diode_SMD:D_SOD-123","~"
"","","D84","1N4148W","Device:D","Diode_SMD:D_SOD-123","~"
"","","D85","1N4148W","Device:D","Diode_SMD:D_SOD-123","~"
"","","D86","1N4148W","Device:D","Diode_SMD:D_SOD-123","~"
"","","D87","1N4148W","Device:D","Diode_SMD:D_SOD-123","~"
"","","D88","1N4148W","Device:D","Diode_SMD:D_SOD-123","~"
"","","D89","1N4148W","Device:D","Diode_SMD:D_SOD-123","~"
"","","D90","1N4148W","Device:D","Diode_SMD:D_SOD-123","~"
"","","D91","1N4148W","Device:D","Diode_SMD:D_SOD-123","~"
"","","D92","1N4148W","Device:D","Diode_SMD:D_SOD-123","~"
"","","D93","1N4148W","Device:D","Diode_SMD:D_SOD-123","~"
"","","D94","1N4148W","Device:D","Diode_SMD:D_SOD-123","~"
"","","D95","1N4148W","Device:D","Diode_SMD:D_SOD-123","~"
"","","D96","1N4148W","Device:D","Diode_SMD:D_SOD-123","~"
"","","D97","1N4148W","Device:D","Diode_SMD:D_SOD-123","~"
"","","D98","1N4148W","Device:D","Diode_SMD:D_SOD-123","~"
"","","D99","1N4148W","Device:D","Diode_SMD:D_SOD-123","~"
"","","D100","1N4148W","Device:D","Diode_SMD:D_SOD-123","~"
"","","D101","1N4148W","Device:D","Diode_SMD:D_SOD-123","~"
"","","D102","1N4148W","Device:D","Diode_SMD:D_SOD-123","~"
"","","D103","1N4148W","Device:D","Diode_SMD:D_SOD-123","~"
"","","D104","1N4148W","Device:D","Diode_SMD:D_SOD-123","~"
"","","D105","1N4148W","Device:D","Diode_SMD:D_SOD-123","~"
"","","D106","1N4148W","Device:D","Diode_SMD:D_SOD-123","~"
"","","D107","1N4148W","Device:D","Diode_SMD:D_SOD-123","~"
"","","D108","GREEN","Device:LED","LED_SMD:LED_0805_2012Metric","~"
"","","D109","YELLOW","Device:LED","LED_SMD:LED_0805_2012Metric","~"
"","","D110","1N4148W","Device:D","Diode_SMD:D_SOD-123","~"
"","","D111","YELLOW","Device:LED","LED_SMD:LED_0805_2012Metric","~"
"","","D112","YELLOW","Device:LED","LED_SMD:LED_0805_2012Metric","~"
"","","D113","GREEN","Device:LED","LED_SMD:LED_0805_2012Metric","~"
"","","D114","YELLOW","Device:LED","LED_SMD:LED_0805_2012Metric","~"
"","","D115","1N4148W","Device:D","Diode_SMD:D_SOD-123","~"
"","","D116","YELLOW","Device:LED","LED_SMD:LED_0805_2012Metric","~"
"","","D117","YELLOW","Device:LED","LED_SMD:LED_0805_2012Metric","~"
"","","D118","GREEN","Device:LED","LED_SMD:LED_0805_2012Metric","~"
"","","D119","YELLOW","Device:LED","LED_SMD:LED_0805_2012Metric","~"
"","","D120","GREEN","Device:LED","LED_SMD:LED_0805_2012Metric","~"
"","","D121","YELLOW","Device:LED","LED_SMD:LED_0805_2012Metric","~"
"","","D122","GREEN","Device:LED","LED_SMD:LED_0805_2012Metric","~"
"","","D123","SS34","Device:D_Schottky","Diode_SMD:D_SMC","~"
"","","D124","Red","Device:LED","LED_SMD:LED_0805_2012Metric","~"
"","","D125","Green","Device:LED","LED_SMD:LED_0805_2012Metric","~"
"","","D126","YELLOW","Device:LED","LED_SMD:LED_0805_2012Metric","~"
"","","D127","GREEN","Device:LED","LED_SMD:LED_0805_2012Metric","~"
"","","D128","YELLOW","Device:LED","LED_SMD:LED_0805_2012Metric","~"
"","","D129","1N4148W","Device:D","Diode_SMD:D_SOD-123","~"
"","","D130","YELLOW","Device:LED","LED_SMD:LED_0805_2012Metric","~"
"","","D131","YELLOW","Device:LED","LED_SMD:LED_0805_2012Metric","~"
"","","D132","1N4148W","Device:D","Diode_SMD:D_SOD-123","~"
"","","D133","1N4148W","Device:D","Diode_SMD:D_SOD-123","~"
"","","F4","750mA 13.2V Fast Acting","Device:Fuse","Fuse:Fuse_1812_4532Metric","~"
"","","F5","750mA 13.2V Fast Acting","Device:Fuse","Fuse:Fuse_1812_4532Metric","~"
"","","F6","750mA 13.2V Fast Acting","Device:Fuse","Fuse:Fuse_1812_4532Metric","~"
"","","FB1","60H","Device:L","Inductor_SMD:L_0805_2012Metric","~"
"","","FB2","60H","Device:L","Inductor_SMD:L_0805_2012Metric","~"
"","","FB3","60H","Device:L","Inductor_SMD:L_0805_2012Metric","~"
"","","FB4","60H","Device:L","Inductor_SMD:L_0805_2012Metric","~"
"","","FB5","60H","Device:L","Inductor_SMD:L_0805_2012Metric","~"
"","","FB6","60H","Device:L","Inductor_SMD:L_0805_2012Metric","~"
"","","FB7","60H","Device:L","Inductor_SMD:L_0805_2012Metric","~"
"","","FB8","60H","Device:L","Inductor_SMD:L_0805_2012Metric","~"
"","","FB9","60H","Device:L","Inductor_SMD:L_0805_2012Metric","~"
"","","FB10","60H","Device:L","Inductor_SMD:L_0805_2012Metric","~"
"","","FB11","60H","Device:L","Inductor_SMD:L_0805_2012Metric","~"
"","","FB12","60H","Device:L","Inductor_SMD:L_0805_2012Metric","~"
"","","J1","ICSP","Pin Header:Pin_Header_3x2","Connector_PinHeader_2.54mm:PinHeader_2x03_P2.54mm_Vertical",""
"","","J2","ICSP",":Pin_Header_3x2_1","Connector_PinHeader_2.54mm:PinHeader_2x03_P2.54mm_Vertical",""
"","","J3","ICSP","Pin Header:Pin_Header_3x2","Connector_PinHeader_2.54mm:PinHeader_2x03_P2.54mm_Vertical",""
"","","J4","ICSP",":Pin_Header_3x2_1","Connector_PinHeader_2.54mm:PinHeader_2x03_P2.54mm_Vertical",""
"","","J5","ICSP","Pin Header:Pin_Header_3x2","Connector_PinHeader_2.54mm:PinHeader_2x03_P2.54mm_Vertical",""
"","","J6","ICSP",":Pin_Header_3x2_1","Connector_PinHeader_2.54mm:PinHeader_2x03_P2.54mm_Vertical",""
"","","J14","SCREW","Connector:Screw_Terminal_01x01","MountingHole:MountingHole_3.2mm_M3_Pad","~"
"","","J15","SCREW","Connector:Screw_Terminal_01x01","MountingHole:MountingHole_3.2mm_M3_Pad","~"
"","","J16","SCREW","Connector:Screw_Terminal_01x01","MountingHole:MountingHole_3.2mm_M3_Pad","~"
"","","J17","SCREW","Connector:Screw_Terminal_01x01","MountingHole:MountingHole_3.2mm_M3_Pad","~"
"","","J18","SCREW","Connector:Screw_Terminal_01x01","MountingHole:MountingHole_3.2mm_M3_Pad","~"
"","","J19","SCREW","Connector:Screw_Terminal_01x01","MountingHole:MountingHole_3.2mm_M3_Pad","~"
"","","J20","SCREW","Connector:Screw_Terminal_01x01","MountingHole:MountingHole_3.2mm_M3_Pad","~"
"","","J21","SCREW","Connector:Screw_Terminal_01x01","MountingHole:MountingHole_3.2mm_M3_Pad","~"
"","","J22","SCREW","Connector:Screw_Terminal_01x01","MountingHole:MountingHole_3.2mm_M3_Pad","~"
"","","J23","SCREW","Connector:Screw_Terminal_01x01","MountingHole:MountingHole_3.2mm_M3_Pad","~"
"","","J24","SCREW","Connector:Screw_Terminal_01x01","MountingHole:MountingHole_3.2mm_M3_Pad","~"
"","","J26","SCREW","Connector:Screw_Terminal_01x01","MountingHole:MountingHole_3.2mm_M3_Pad","~"
"","","J27","SCREW","Connector:Screw_Terminal_01x01","MountingHole:MountingHole_3.2mm_M3_Pad","~"
"","","J28","SCREW","Connector:Screw_Terminal_01x01","MountingHole:MountingHole_3.2mm_M3_Pad","~"
"","","JP1","Voltage selection","Jumper:Jumper_3_Bridged12","Jumper:SolderJumper-3_P1.3mm_Open_Pad1.0x1.5mm","~"
"","","L1","1uH","Device:L","Inductor_SMD:L_0805_2012Metric","~"
"","","L2","1uH","Device:L","Inductor_SMD:L_0805_2012Metric","~"
"","","L3","1uH","Device:L","Inductor_SMD:L_0805_2012Metric","~"
"","","L4","1uH","Device:L","Inductor_SMD:L_0805_2012Metric","~"
"","","L5","1uH","Device:L","Inductor_SMD:L_0805_2012Metric","~"
"","","L6","1uH","Device:L","Inductor_SMD:L_0805_2012Metric","~"
"","","L7","22uH","Device:L","Inductor_SMD:L_7.3x7.3_H4.5","~"
"","","LCD1","GC9A01","GC9A01:GC9A01","Connector_PinHeader_2.54mm:PinHeader_2x04_P2.54mm_Horizontal",""
"","","PC1","100uF","Device:C_Polarized_US","Capacitor_SMD:CP_Elec_6.3x5.7","~"
"","","PC2","100uF","Device:C_Polarized_US","Capacitor_SMD:CP_Elec_6.3x5.7","~"
"","","PC3","10uF","Device:C_Polarized_US","Capacitor_SMD:CP_Elec_6.3x5.7","~"
"","","PC4","1uF","Device:C_Polarized_US","Capacitor_SMD:CP_Elec_6.3x5.7","~"
"","","PC5","1uF","Device:C_Polarized_US","Capacitor_SMD:CP_Elec_6.3x5.7","~"
"","","PC6","100uF","Device:C_Polarized_US","Capacitor_SMD:CP_Elec_6.3x5.7","~"
"","","PC7","100uF","Device:C_Polarized_US","Capacitor_SMD:CP_Elec_6.3x5.7","~"
"","","PC8","100uF","Device:C_Polarized_US","Capacitor_SMD:CP_Elec_6.3x5.7","~"
"","","PC9","10uF","Device:C_Polarized_US","Capacitor_SMD:CP_Elec_6.3x5.7","~"
"","","PC10","1uF","Device:C_Polarized_US","Capacitor_SMD:CP_Elec_6.3x5.7","~"
"","","PC11","1uF","Device:C_Polarized_US","Capacitor_SMD:CP_Elec_6.3x5.7","~"
"","","PC12","100uF","Device:C_Polarized_US","Capacitor_SMD:CP_Elec_6.3x5.7","~"
"","","PC13","100uF","Device:C_Polarized_US","Capacitor_SMD:CP_Elec_6.3x5.7","~"
"","","PC14","100uF","Device:C_Polarized_US","Capacitor_SMD:CP_Elec_6.3x5.7","~"
"","","PC15","10uF","Device:C_Polarized_US","Capacitor_SMD:CP_Elec_6.3x5.7","~"
"","","PC16","1uF","Device:C_Polarized_US","Capacitor_SMD:CP_Elec_6.3x5.7","~"
"","","PC17","1uF","Device:C_Polarized_US","Capacitor_SMD:CP_Elec_6.3x5.7","~"
"","","PC18","100uF","Device:C_Polarized_US","Capacitor_SMD:CP_Elec_6.3x5.7","~"
"","","PC19","100uF","Device:C_Polarized_US","Capacitor_SMD:CP_Elec_6.3x5.7","~"
"","","PC20","100uF","Device:C_Polarized_US","Capacitor_SMD:CP_Elec_6.3x5.7","~"
"","","PC21","100uF","Device:C_Polarized_US","Capacitor_SMD:CP_Elec_6.3x5.7","~"
"","","Q1","FS8205","Li-Ion Charge Boost Protect:FS8205","Package_TO_SOT_SMD:SOT-23-6",""
"","","R1","10K","Device:R_US","Resistor_SMD:R_0603_1608Metric","~"
"","","R2","10K","Device:R_US","Resistor_SMD:R_0603_1608Metric","~"
"","","R3","10K","Device:R_US","Resistor_SMD:R_0603_1608Metric","~"
"","","R4","10K","Device:R_US","Resistor_SMD:R_0603_1608Metric","~"
"","","R5","10K","Device:R_US","Resistor_SMD:R_0603_1608Metric","~"
"","","R6","10K","Device:R_US","Resistor_SMD:R_0603_1608Metric","~"
"","","R7","10K","Device:R_US","Resistor_SMD:R_0603_1608Metric","~"
"","","R8","10K","Device:R_US","Resistor_SMD:R_0603_1608Metric","~"
"","","R9","10K","Device:R_US","Resistor_SMD:R_0603_1608Metric","~"
"","","R10","10K","Device:R_US","Resistor_SMD:R_0603_1608Metric","~"
"","","R11","10K","Device:R_US","Resistor_SMD:R_0603_1608Metric","~"
"","","R12","10K","Device:R_US","Resistor_SMD:R_0603_1608Metric","~"
"","","R13","10K","Device:R_US","Resistor_SMD:R_0603_1608Metric","~"
"","","R14","10K","Device:R_US","Resistor_SMD:R_0603_1608Metric","~"
"","","R15","10K","Device:R_US","Resistor_SMD:R_0603_1608Metric","~"
"","","R16","10K","Device:R_US","Resistor_SMD:R_0603_1608Metric","~"
"","","R17","10K","Device:R_US","Resistor_SMD:R_0603_1608Metric","~"
"","","R18","1K","Device:R_US","Resistor_SMD:R_0603_1608Metric","~"
"","","R19","1K","Device:R_US","Resistor_SMD:R_0603_1608Metric","~"
"","","R20","1M","Device:R_US","Resistor_SMD:R_0603_1608Metric","~"
"","","R21","27R","Device:R_US","Resistor_SMD:R_0603_1608Metric","~"
"","","R22","10K","Device:R_US","Resistor_SMD:R_0603_1608Metric","~"
"","","R23","10K","Device:R_US","Resistor_SMD:R_0603_1608Metric","~"
"","","R24","10K","Device:R_US","Resistor_SMD:R_0603_1608Metric","~"
"","","R25","10K","Device:R_US","Resistor_SMD:R_0603_1608Metric","~"
"","","R26","10K","Device:R_US","Resistor_SMD:R_0603_1608Metric","~"
"","","R27","10K","Device:R_US","Resistor_SMD:R_0603_1608Metric","~"
"","","R28","1K","Device:R_US","Resistor_SMD:R_0603_1608Metric","~"
"","","R29","1K","Device:R_US","Resistor_SMD:R_0603_1608Metric","~"
"","","R30","1M","Device:R_US","Resistor_SMD:R_0603_1608Metric","~"
"","","R31","27R","Device:R_US","Resistor_SMD:R_0603_1608Metric","~"
"","","R32","10K","Device:R_US","Resistor_SMD:R_0603_1608Metric","~"
"","","R33","10K","Device:R_US","Resistor_SMD:R_0603_1608Metric","~"
"","","R34","10K","Device:R_US","Resistor_SMD:R_0603_1608Metric","~"
"","","R35","10K","Device:R_US","Resistor_SMD:R_0603_1608Metric","~"
"","","R36","10K","Device:R_US","Resistor_SMD:R_0603_1608Metric","~"
"","","R37","10K","Device:R_US","Resistor_SMD:R_0603_1608Metric","~"
"","","R38","5.1K","Device:R","Resistor_SMD:R_0603_1608Metric","~"
"","","R39","5.1K","Device:R","Resistor_SMD:R_0603_1608Metric","~"
"","","R40","10K","Device:R","Resistor_SMD:R_0603_1608Metric","~"
"","","R41","47K","Device:R","Resistor_SMD:R_0603_1608Metric","~"
"","","R42","100K","Device:R","Resistor_SMD:R_0603_1608Metric","~"
"","","R43","510K","Device:R","Resistor_SMD:R_0603_1608Metric","~"
"","","R44","680R","Device:R","Resistor_SMD:R_0603_1608Metric","~"
"","","R45","22K","Device:R","Resistor_SMD:R_0603_1608Metric","~"
"","","R46","22K","Device:R","Resistor_SMD:R_0603_1608Metric","~"
"","","R47","5.1K","Device:R","Resistor_SMD:R_0603_1608Metric","~"
"","","R48","5.1K","Device:R","Resistor_SMD:R_0603_1608Metric","~"
"","","R49","10K","Device:R","Resistor_SMD:R_0603_1608Metric","~"
"","","R50","10K","Device:R","Resistor_SMD:R_0603_1608Metric","~"
"","","R51","10K","Device:R","Resistor_SMD:R_0603_1608Metric","~"
"","","R52","5.1K","Device:R","Resistor_SMD:R_0603_1608Metric","~"
"","","R53","5.1K","Device:R","Resistor_SMD:R_0603_1608Metric","~"
"","","R54","5.1K","Device:R","Resistor_SMD:R_0603_1608Metric","~"
"","","R55","5.1K","Device:R","Resistor_SMD:R_0603_1608Metric","~"
"","","R56","10K","Device:R","Resistor_SMD:R_0603_1608Metric","~"
"","","R57","47K","Device:R","Resistor_SMD:R_0603_1608Metric","~"
"","","R58","100K","Device:R","Resistor_SMD:R_0603_1608Metric","~"
"","","R59","510K","Device:R","Resistor_SMD:R_0603_1608Metric","~"
"","","R60","680R","Device:R","Resistor_SMD:R_0603_1608Metric","~"
"","","R61","22K","Device:R","Resistor_SMD:R_0603_1608Metric","~"
"","","R62","22K","Device:R","Resistor_SMD:R_0603_1608Metric","~"
"","","R63","5.1K","Device:R","Resistor_SMD:R_0603_1608Metric","~"
"","","R64","5.1K","Device:R","Resistor_SMD:R_0603_1608Metric","~"
"","","R65","10K","Device:R","Resistor_SMD:R_0603_1608Metric","~"
"","","R66","10K","Device:R","Resistor_SMD:R_0603_1608Metric","~"
"","","R67","10K","Device:R","Resistor_SMD:R_0603_1608Metric","~"
"","","R68","5.1K","Device:R","Resistor_SMD:R_0603_1608Metric","~"
"","","R69","5.1K","Device:R","Resistor_SMD:R_0603_1608Metric","~"
"","","R70","5.1K","Device:R","Resistor_SMD:R_0603_1608Metric","~"
"","","R71","5.1K","Device:R","Resistor_SMD:R_0603_1608Metric","~"
"","","R72","10K","Device:R","Resistor_SMD:R_0603_1608Metric","~"
"","","R73","47K","Device:R","Resistor_SMD:R_0603_1608Metric","~"
"","","R74","100K","Device:R","Resistor_SMD:R_0603_1608Metric","~"
"","","R75","510K","Device:R","Resistor_SMD:R_0603_1608Metric","~"
"","","R76","680R","Device:R","Resistor_SMD:R_0603_1608Metric","~"
"","","R77","22K","Device:R","Resistor_SMD:R_0603_1608Metric","~"
"","","R78","22K","Device:R","Resistor_SMD:R_0603_1608Metric","~"
"","","R79","5.1K","Device:R","Resistor_SMD:R_0603_1608Metric","~"
"","","R80","5.1K","Device:R","Resistor_SMD:R_0603_1608Metric","~"
"","","R81","10K","Device:R","Resistor_SMD:R_0603_1608Metric","~"
"","","R82","10K","Device:R","Resistor_SMD:R_0603_1608Metric","~"
"","","R83","10K","Device:R","Resistor_SMD:R_0603_1608Metric","~"
"","","R84","5.1K","Device:R","Resistor_SMD:R_0603_1608Metric","~"
"","","R85","5.1K","Device:R","Resistor_SMD:R_0603_1608Metric","~"
"","","R86","7.5K","Device:R_US","Resistor_SMD:R_0603_1608Metric","~"
"","","R87","1K","Device:R_US","Resistor_SMD:R_0603_1608Metric","~"
"","","R88","1K","Device:R_US","Resistor_SMD:R_0603_1608Metric","~"
"","","R89","1K","Device:R_US","Resistor_SMD:R_0603_1608Metric","~"
"","","R90","1K","Device:R_US","Resistor_SMD:R_0603_1608Metric","~"
"","","R91","1K","Device:R_US","Resistor_SMD:R_0603_1608Metric","~"
"","","R92","100R","Device:R_US","Resistor_SMD:R_0603_1608Metric","~"
"","","R93","1K","Device:R_US","Resistor_SMD:R_0603_1608Metric","~"
"","","R94","1K","Device:R_US","Resistor_SMD:R_0603_1608Metric","~"
"","","R95","1K","Device:R_US","Resistor_SMD:R_0603_1608Metric","~"
"","","R96","1K","Device:R_US","Resistor_SMD:R_0603_1608Metric","~"
"","","R97","1M","Device:R_US","Resistor_SMD:R_0603_1608Metric","~"
"","","R98","27R","Device:R_US","Resistor_SMD:R_0603_1608Metric","~"
"","","R99","10K","Device:R_US","Resistor_SMD:R_0603_1608Metric","~"
"","","R100","10K","Device:R_US","Resistor_SMD:R_0603_1608Metric","~"
"","","R101","10K","Device:R_US","Resistor_SMD:R_0603_1608Metric","~"
"","","R102","10K","Device:R_US","Resistor_SMD:R_0603_1608Metric","~"
"","","R103","10K","Device:R_US","Resistor_SMD:R_0603_1608Metric","~"
"","","R104","10K","Device:R_US","Resistor_SMD:R_0603_1608Metric","~"
"","","R105","10K","Device:R_US","Resistor_SMD:R_0603_1608Metric","~"
"","","R106","10K","Device:R_US","Resistor_SMD:R_0603_1608Metric","~"
"","","R107","10K","Device:R_US","Resistor_SMD:R_0603_1608Metric","~"
"","","RE1","EC11","Device:RotaryEncoder_Switch","Rotary_Encoder:RotaryEncoder_Alps_EC11E-Switch_Vertical_H20mm","~"
"","","RE2","EC11","Device:RotaryEncoder_Switch","Rotary_Encoder:RotaryEncoder_Alps_EC11E-Switch_Vertical_H20mm","~"
"","","RE3","EC11","Device:RotaryEncoder_Switch","Rotary_Encoder:RotaryEncoder_Alps_EC11E-Switch_Vertical_H20mm","~"
"","","RE4","EC11","Device:RotaryEncoder_Switch","Rotary_Encoder:RotaryEncoder_Alps_EC11E-Switch_Vertical_H20mm","~"
"","","RE5","EC11","Device:RotaryEncoder_Switch","Rotary_Encoder:RotaryEncoder_Alps_EC11E-Switch_Vertical_H20mm","~"
"","","RGB1","WS2812B","LED:WS2812B","LED_SMD:LED_WS2812B_PLCC4_5.0x5.0mm_P3.2mm","https://cdn-shop.adafruit.com/datasheets/WS2812B.pdf"
"","","RGB2","WS2812B","LED:WS2812B","LED_SMD:LED_WS2812B_PLCC4_5.0x5.0mm_P3.2mm","https://cdn-shop.adafruit.com/datasheets/WS2812B.pdf"
"","","RGB3","WS2812B","LED:WS2812B","LED_SMD:LED_WS2812B_PLCC4_5.0x5.0mm_P3.2mm","https://cdn-shop.adafruit.com/datasheets/WS2812B.pdf"
"","","RGB4","WS2812B","LED:WS2812B","LED_SMD:LED_WS2812B_PLCC4_5.0x5.0mm_P3.2mm","https://cdn-shop.adafruit.com/datasheets/WS2812B.pdf"
"","","RGB5","WS2812B","LED:WS2812B","LED_SMD:LED_WS2812B_PLCC4_5.0x5.0mm_P3.2mm","https://cdn-shop.adafruit.com/datasheets/WS2812B.pdf"
"","","RGB6","WS2812B","LED:WS2812B","LED_SMD:LED_WS2812B_PLCC4_5.0x5.0mm_P3.2mm","https://cdn-shop.adafruit.com/datasheets/WS2812B.pdf"
"","","RGB7","WS2812B","LED:WS2812B","LED_SMD:LED_WS2812B_PLCC4_5.0x5.0mm_P3.2mm","https://cdn-shop.adafruit.com/datasheets/WS2812B.pdf"
"","","RGB8","WS2812B","LED:WS2812B","LED_SMD:LED_WS2812B_PLCC4_5.0x5.0mm_P3.2mm","https://cdn-shop.adafruit.com/datasheets/WS2812B.pdf"
"","","RGB9","WS2812B","LED:WS2812B","LED_SMD:LED_WS2812B_PLCC4_5.0x5.0mm_P3.2mm","https://cdn-shop.adafruit.com/datasheets/WS2812B.pdf"
"","","RGB10","WS2812B","LED:WS2812B","LED_SMD:LED_WS2812B_PLCC4_5.0x5.0mm_P3.2mm","https://cdn-shop.adafruit.com/datasheets/WS2812B.pdf"
"","","RGB11","WS2812B","LED:WS2812B","LED_SMD:LED_WS2812B_PLCC4_5.0x5.0mm_P3.2mm","https://cdn-shop.adafruit.com/datasheets/WS2812B.pdf"
"","","RGB12","WS2812B","LED:WS2812B","LED_SMD:LED_WS2812B_PLCC4_5.0x5.0mm_P3.2mm","https://cdn-shop.adafruit.com/datasheets/WS2812B.pdf"
"","","RGB13","WS2812B","LED:WS2812B","LED_SMD:LED_WS2812B_PLCC4_5.0x5.0mm_P3.2mm","https://cdn-shop.adafruit.com/datasheets/WS2812B.pdf"
"","","RGB14","WS2812B","LED:WS2812B","LED_SMD:LED_WS2812B_PLCC4_5.0x5.0mm_P3.2mm","https://cdn-shop.adafruit.com/datasheets/WS2812B.pdf"
"","","RGB15","WS2812B","LED:WS2812B","LED_SMD:LED_WS2812B_PLCC4_5.0x5.0mm_P3.2mm","https://cdn-shop.adafruit.com/datasheets/WS2812B.pdf"
"","","RGB16","WS2812B","LED:WS2812B","LED_SMD:LED_WS2812B_PLCC4_5.0x5.0mm_P3.2mm","https://cdn-shop.adafruit.com/datasheets/WS2812B.pdf"
"","","RGB17","WS2812B","LED:WS2812B","LED_SMD:LED_WS2812B_PLCC4_5.0x5.0mm_P3.2mm","https://cdn-shop.adafruit.com/datasheets/WS2812B.pdf"
"","","RGB18","WS2812B","LED:WS2812B","LED_SMD:LED_WS2812B_PLCC4_5.0x5.0mm_P3.2mm","https://cdn-shop.adafruit.com/datasheets/WS2812B.pdf"
"","","RGB19","WS2812B","LED:WS2812B","LED_SMD:LED_WS2812B_PLCC4_5.0x5.0mm_P3.2mm","https://cdn-shop.adafruit.com/datasheets/WS2812B.pdf"
"","","RGB20","WS2812B","LED:WS2812B","LED_SMD:LED_WS2812B_PLCC4_5.0x5.0mm_P3.2mm","https://cdn-shop.adafruit.com/datasheets/WS2812B.pdf"
"","","RGB21","WS2812B","LED:WS2812B","LED_SMD:LED_WS2812B_PLCC4_5.0x5.0mm_P3.2mm","https://cdn-shop.adafruit.com/datasheets/WS2812B.pdf"
"","","RGB22","WS2812B","LED:WS2812B","LED_SMD:LED_WS2812B_PLCC4_5.0x5.0mm_P3.2mm","https://cdn-shop.adafruit.com/datasheets/WS2812B.pdf"
"","","RGB23","WS2812B","LED:WS2812B","LED_SMD:LED_WS2812B_PLCC4_5.0x5.0mm_P3.2mm","https://cdn-shop.adafruit.com/datasheets/WS2812B.pdf"
"","","RGB24","WS2812B","LED:WS2812B","LED_SMD:LED_WS2812B_PLCC4_5.0x5.0mm_P3.2mm","https://cdn-shop.adafruit.com/datasheets/WS2812B.pdf"
"","","RGB25","WS2812B","LED:WS2812B","LED_SMD:LED_WS2812B_PLCC4_5.0x5.0mm_P3.2mm","https://cdn-shop.adafruit.com/datasheets/WS2812B.pdf"
"","","RGB26","WS2812B","LED:WS2812B","LED_SMD:LED_WS2812B_PLCC4_5.0x5.0mm_P3.2mm","https://cdn-shop.adafruit.com/datasheets/WS2812B.pdf"
"","","RGB27","WS2812B","LED:WS2812B","LED_SMD:LED_WS2812B_PLCC4_5.0x5.0mm_P3.2mm","https://cdn-shop.adafruit.com/datasheets/WS2812B.pdf"
"","","RGB28","WS2812B","LED:WS2812B","LED_SMD:LED_WS2812B_PLCC4_5.0x5.0mm_P3.2mm","https://cdn-shop.adafruit.com/datasheets/WS2812B.pdf"
"","","RGB29","WS2812B","LED:WS2812B","LED_SMD:LED_WS2812B_PLCC4_5.0x5.0mm_P3.2mm","https://cdn-shop.adafruit.com/datasheets/WS2812B.pdf"
"","","RGB30","WS2812B","LED:WS2812B","LED_SMD:LED_WS2812B_PLCC4_5.0x5.0mm_P3.2mm","https://cdn-shop.adafruit.com/datasheets/WS2812B.pdf"
"","","RGB31","WS2812B","LED:WS2812B","LED_SMD:LED_WS2812B_PLCC4_5.0x5.0mm_P3.2mm","https://cdn-shop.adafruit.com/datasheets/WS2812B.pdf"
"","","RGB32","WS2812B","LED:WS2812B","LED_SMD:LED_WS2812B_PLCC4_5.0x5.0mm_P3.2mm","https://cdn-shop.adafruit.com/datasheets/WS2812B.pdf"
"","","RGB33","WS2812B","LED:WS2812B","LED_SMD:LED_WS2812B_PLCC4_5.0x5.0mm_P3.2mm","https://cdn-shop.adafruit.com/datasheets/WS2812B.pdf"
"","","RGB34","WS2812B","LED:WS2812B","LED_SMD:LED_WS2812B_PLCC4_5.0x5.0mm_P3.2mm","https://cdn-shop.adafruit.com/datasheets/WS2812B.pdf"
"","","RGB35","WS2812B","LED:WS2812B","LED_SMD:LED_WS2812B_PLCC4_5.0x5.0mm_P3.2mm","https://cdn-shop.adafruit.com/datasheets/WS2812B.pdf"
"","","RGB36","WS2812B","LED:WS2812B","LED_SMD:LED_WS2812B_PLCC4_5.0x5.0mm_P3.2mm","https://cdn-shop.adafruit.com/datasheets/WS2812B.pdf"
"","","RGB37","WS2812B","LED:WS2812B","LED_SMD:LED_WS2812B_PLCC4_5.0x5.0mm_P3.2mm","https://cdn-shop.adafruit.com/datasheets/WS2812B.pdf"
"","","RGB38","WS2812B","LED:WS2812B","LED_SMD:LED_WS2812B_PLCC4_5.0x5.0mm_P3.2mm","https://cdn-shop.adafruit.com/datasheets/WS2812B.pdf"
"","","RGB39","WS2812B","LED:WS2812B","LED_SMD:LED_WS2812B_PLCC4_5.0x5.0mm_P3.2mm","https://cdn-shop.adafruit.com/datasheets/WS2812B.pdf"
"","","RGB40","WS2812B","LED:WS2812B","LED_SMD:LED_WS2812B_PLCC4_5.0x5.0mm_P3.2mm","https://cdn-shop.adafruit.com/datasheets/WS2812B.pdf"
"","","RGB41","WS2812B","LED:WS2812B","LED_SMD:LED_WS2812B_PLCC4_5.0x5.0mm_P3.2mm","https://cdn-shop.adafruit.com/datasheets/WS2812B.pdf"
"","","RGB42","WS2812B","LED:WS2812B","LED_SMD:LED_WS2812B_PLCC4_5.0x5.0mm_P3.2mm","https://cdn-shop.adafruit.com/datasheets/WS2812B.pdf"
"","","RGB43","WS2812B","LED:WS2812B","LED_SMD:LED_WS2812B_PLCC4_5.0x5.0mm_P3.2mm","https://cdn-shop.adafruit.com/datasheets/WS2812B.pdf"
"","","RGB44","WS2812B","LED:WS2812B","LED_SMD:LED_WS2812B_PLCC4_5.0x5.0mm_P3.2mm","https://cdn-shop.adafruit.com/datasheets/WS2812B.pdf"
"","","RGB45","WS2812B","LED:WS2812B","LED_SMD:LED_WS2812B_PLCC4_5.0x5.0mm_P3.2mm","https://cdn-shop.adafruit.com/datasheets/WS2812B.pdf"
"","","RGB46","WS2812B","LED:WS2812B","LED_SMD:LED_WS2812B_PLCC4_5.0x5.0mm_P3.2mm","https://cdn-shop.adafruit.com/datasheets/WS2812B.pdf"
"","","RGB47","WS2812B","LED:WS2812B","LED_SMD:LED_WS2812B_PLCC4_5.0x5.0mm_P3.2mm","https://cdn-shop.adafruit.com/datasheets/WS2812B.pdf"
"","","RGB48","WS2812B","LED:WS2812B","LED_SMD:LED_WS2812B_PLCC4_5.0x5.0mm_P3.2mm","https://cdn-shop.adafruit.com/datasheets/WS2812B.pdf"
"","","RGB49","WS2812B","LED:WS2812B","LED_SMD:LED_WS2812B_PLCC4_5.0x5.0mm_P3.2mm","https://cdn-shop.adafruit.com/datasheets/WS2812B.pdf"
"","","RGB50","WS2812B","LED:WS2812B","LED_SMD:LED_WS2812B_PLCC4_5.0x5.0mm_P3.2mm","https://cdn-shop.adafruit.com/datasheets/WS2812B.pdf"
"","","RGB51","WS2812B","LED:WS2812B","LED_SMD:LED_WS2812B_PLCC4_5.0x5.0mm_P3.2mm","https://cdn-shop.adafruit.com/datasheets/WS2812B.pdf"
"","","RGB52","WS2812B","LED:WS2812B","LED_SMD:LED_WS2812B_PLCC4_5.0x5.0mm_P3.2mm","https://cdn-shop.adafruit.com/datasheets/WS2812B.pdf"
"","","RGB53","WS2812B","LED:WS2812B","LED_SMD:LED_WS2812B_PLCC4_5.0x5.0mm_P3.2mm","https://cdn-shop.adafruit.com/datasheets/WS2812B.pdf"
"","","RGB54","WS2812B","LED:WS2812B","LED_SMD:LED_WS2812B_PLCC4_5.0x5.0mm_P3.2mm","https://cdn-shop.adafruit.com/datasheets/WS2812B.pdf"
"","","RGB55","WS2812B","LED:WS2812B","LED_SMD:LED_WS2812B_PLCC4_5.0x5.0mm_P3.2mm","https://cdn-shop.adafruit.com/datasheets/WS2812B.pdf"
"","","RGB56","WS2812B","LED:WS2812B","LED_SMD:LED_WS2812B_PLCC4_5.0x5.0mm_P3.2mm","https://cdn-shop.adafruit.com/datasheets/WS2812B.pdf"
"","","RGB57","WS2812B","LED:WS2812B","LED_SMD:LED_WS2812B_PLCC4_5.0x5.0mm_P3.2mm","https://cdn-shop.adafruit.com/datasheets/WS2812B.pdf"
"","","RGB58","WS2812B","LED:WS2812B","LED_SMD:LED_WS2812B_PLCC4_5.0x5.0mm_P3.2mm","https://cdn-shop.adafruit.com/datasheets/WS2812B.pdf"
"","","RGB59","WS2812B","LED:WS2812B","LED_SMD:LED_WS2812B_PLCC4_5.0x5.0mm_P3.2mm","https://cdn-shop.adafruit.com/datasheets/WS2812B.pdf"
"","","RGB60","WS2812B","LED:WS2812B","LED_SMD:LED_WS2812B_PLCC4_5.0x5.0mm_P3.2mm","https://cdn-shop.adafruit.com/datasheets/WS2812B.pdf"
"","","RGB61","WS2812B","LED:WS2812B","LED_SMD:LED_WS2812B_PLCC4_5.0x5.0mm_P3.2mm","https://cdn-shop.adafruit.com/datasheets/WS2812B.pdf"
"","","RGB62","WS2812B","LED:WS2812B","LED_SMD:LED_WS2812B_PLCC4_5.0x5.0mm_P3.2mm","https://cdn-shop.adafruit.com/datasheets/WS2812B.pdf"
"","","RGB63","WS2812B","LED:WS2812B","LED_SMD:LED_WS2812B_PLCC4_5.0x5.0mm_P3.2mm","https://cdn-shop.adafruit.com/datasheets/WS2812B.pdf"
"","","RGB64","WS2812B","LED:WS2812B","LED_SMD:LED_WS2812B_PLCC4_5.0x5.0mm_P3.2mm","https://cdn-shop.adafruit.com/datasheets/WS2812B.pdf"
"","","RGB65","WS2812B","LED:WS2812B","LED_SMD:LED_WS2812B_PLCC4_5.0x5.0mm_P3.2mm","https://cdn-shop.adafruit.com/datasheets/WS2812B.pdf"
"","","RGB66","WS2812B","LED:WS2812B","LED_SMD:LED_WS2812B_PLCC4_5.0x5.0mm_P3.2mm","https://cdn-shop.adafruit.com/datasheets/WS2812B.pdf"
"","","RGB67","WS2812B","LED:WS2812B","LED_SMD:LED_WS2812B_PLCC4_5.0x5.0mm_P3.2mm","https://cdn-shop.adafruit.com/datasheets/WS2812B.pdf"
"","","RGB68","WS2812B","LED:WS2812B","LED_SMD:LED_WS2812B_PLCC4_5.0x5.0mm_P3.2mm","https://cdn-shop.adafruit.com/datasheets/WS2812B.pdf"
"","","RGB69","WS2812B","LED:WS2812B","LED_SMD:LED_WS2812B_PLCC4_5.0x5.0mm_P3.2mm","https://cdn-shop.adafruit.com/datasheets/WS2812B.pdf"
"","","RGB70","WS2812B","LED:WS2812B","LED_SMD:LED_WS2812B_PLCC4_5.0x5.0mm_P3.2mm","https://cdn-shop.adafruit.com/datasheets/WS2812B.pdf"
"","","RGB71","WS2812B","LED:WS2812B","LED_SMD:LED_WS2812B_PLCC4_5.0x5.0mm_P3.2mm","https://cdn-shop.adafruit.com/datasheets/WS2812B.pdf"
"","","RGB72","WS2812B","LED:WS2812B","LED_SMD:LED_WS2812B_PLCC4_5.0x5.0mm_P3.2mm","https://cdn-shop.adafruit.com/datasheets/WS2812B.pdf"
"","","RGB73","WS2812B","LED:WS2812B","LED_SMD:LED_WS2812B_PLCC4_5.0x5.0mm_P3.2mm","https://cdn-shop.adafruit.com/datasheets/WS2812B.pdf"
"","","RGB74","WS2812B","LED:WS2812B","LED_SMD:LED_WS2812B_PLCC4_5.0x5.0mm_P3.2mm","https://cdn-shop.adafruit.com/datasheets/WS2812B.pdf"
"","","RGB75","WS2812B","LED:WS2812B","LED_SMD:LED_WS2812B_PLCC4_5.0x5.0mm_P3.2mm","https://cdn-shop.adafruit.com/datasheets/WS2812B.pdf"
"","","RGB76","WS2812B","LED:WS2812B","LED_SMD:LED_WS2812B_PLCC4_5.0x5.0mm_P3.2mm","https://cdn-shop.adafruit.com/datasheets/WS2812B.pdf"
"","","RGB77","WS2812B","LED:WS2812B","LED_SMD:LED_WS2812B_PLCC4_5.0x5.0mm_P3.2mm","https://cdn-shop.adafruit.com/datasheets/WS2812B.pdf"
"","","RGB78","WS2812B","LED:WS2812B","LED_SMD:LED_WS2812B_PLCC4_5.0x5.0mm_P3.2mm","https://cdn-shop.adafruit.com/datasheets/WS2812B.pdf"
"","","RGB79","WS2812B","LED:WS2812B","LED_SMD:LED_WS2812B_PLCC4_5.0x5.0mm_P3.2mm","https://cdn-shop.adafruit.com/datasheets/WS2812B.pdf"
"","","RGB80","WS2812B","LED:WS2812B","LED_SMD:LED_WS2812B_PLCC4_5.0x5.0mm_P3.2mm","https://cdn-shop.adafruit.com/datasheets/WS2812B.pdf"
"","","RGB81","WS2812B","LED:WS2812B","LED_SMD:LED_WS2812B_PLCC4_5.0x5.0mm_P3.2mm","https://cdn-shop.adafruit.com/datasheets/WS2812B.pdf"
"","","RGB82","WS2812B","LED:WS2812B","LED_SMD:LED_WS2812B_PLCC4_5.0x5.0mm_P3.2mm","https://cdn-shop.adafruit.com/datasheets/WS2812B.pdf"
"","","RGB83","WS2812B","LED:WS2812B","LED_SMD:LED_WS2812B_PLCC4_5.0x5.0mm_P3.2mm","https://cdn-shop.adafruit.com/datasheets/WS2812B.pdf"
"","","RGB84","WS2812B","LED:WS2812B","LED_SMD:LED_WS2812B_PLCC4_5.0x5.0mm_P3.2mm","https://cdn-shop.adafruit.com/datasheets/WS2812B.pdf"
"","","RGB85","WS2812B","LED:WS2812B","LED_SMD:LED_WS2812B_PLCC4_5.0x5.0mm_P3.2mm","https://cdn-shop.adafruit.com/datasheets/WS2812B.pdf"
"","","RGB86","WS2812B","LED:WS2812B","LED_SMD:LED_WS2812B_PLCC4_5.0x5.0mm_P3.2mm","https://cdn-shop.adafruit.com/datasheets/WS2812B.pdf"
"","","RGB87","WS2812B","LED:WS2812B","LED_SMD:LED_WS2812B_PLCC4_5.0x5.0mm_P3.2mm","https://cdn-shop.adafruit.com/datasheets/WS2812B.pdf"
"","","RGB88","WS2812B","LED:WS2812B","LED_SMD:LED_WS2812B_PLCC4_5.0x5.0mm_P3.2mm","https://cdn-shop.adafruit.com/datasheets/WS2812B.pdf"
"","","RGB89","WS2812B","LED:WS2812B","LED_SMD:LED_WS2812B_PLCC4_5.0x5.0mm_P3.2mm","https://cdn-shop.adafruit.com/datasheets/WS2812B.pdf"
"","","RGB90","WS2812B","LED:WS2812B","LED_SMD:LED_WS2812B_PLCC4_5.0x5.0mm_P3.2mm","https://cdn-shop.adafruit.com/datasheets/WS2812B.pdf"
"","","RGB91","WS2812B","LED:WS2812B","LED_SMD:LED_WS2812B_PLCC4_5.0x5.0mm_P3.2mm","https://cdn-shop.adafruit.com/datasheets/WS2812B.pdf"
"","","RGB92","WS2812B","LED:WS2812B","LED_SMD:LED_WS2812B_PLCC4_5.0x5.0mm_P3.2mm","https://cdn-shop.adafruit.com/datasheets/WS2812B.pdf"
"","","RGB93","WS2812B","LED:WS2812B","LED_SMD:LED_WS2812B_PLCC4_5.0x5.0mm_P3.2mm","https://cdn-shop.adafruit.com/datasheets/WS2812B.pdf"
"","","RGB94","WS2812B","LED:WS2812B","LED_SMD:LED_WS2812B_PLCC4_5.0x5.0mm_P3.2mm","https://cdn-shop.adafruit.com/datasheets/WS2812B.pdf"
"","","RGB95","WS2812B","LED:WS2812B","LED_SMD:LED_WS2812B_PLCC4_5.0x5.0mm_P3.2mm","https://cdn-shop.adafruit.com/datasheets/WS2812B.pdf"
"","","RGB96","WS2812B","LED:WS2812B","LED_SMD:LED_WS2812B_PLCC4_5.0x5.0mm_P3.2mm","https://cdn-shop.adafruit.com/datasheets/WS2812B.pdf"
"","","RGB97","WS2812B","LED:WS2812B","LED_SMD:LED_WS2812B_PLCC4_5.0x5.0mm_P3.2mm","https://cdn-shop.adafruit.com/datasheets/WS2812B.pdf"
"","","RGB98","WS2812B","LED:WS2812B","LED_SMD:LED_WS2812B_PLCC4_5.0x5.0mm_P3.2mm","https://cdn-shop.adafruit.com/datasheets/WS2812B.pdf"
"","","RGB99","WS2812B","LED:WS2812B","LED_SMD:LED_WS2812B_PLCC4_5.0x5.0mm_P3.2mm","https://cdn-shop.adafruit.com/datasheets/WS2812B.pdf"
"","","RGB100","WS2812B","LED:WS2812B","LED_SMD:LED_WS2812B_PLCC4_5.0x5.0mm_P3.2mm","https://cdn-shop.adafruit.com/datasheets/WS2812B.pdf"
"","","RGB101","WS2812B","LED:WS2812B","LED_SMD:LED_WS2812B_PLCC4_5.0x5.0mm_P3.2mm","https://cdn-shop.adafruit.com/datasheets/WS2812B.pdf"
"","","RGB102","WS2812B","LED:WS2812B","LED_SMD:LED_WS2812B_PLCC4_5.0x5.0mm_P3.2mm","https://cdn-shop.adafruit.com/datasheets/WS2812B.pdf"
"","","RGB103","WS2812B","LED:WS2812B","LED_SMD:LED_WS2812B_PLCC4_5.0x5.0mm_P3.2mm","https://cdn-shop.adafruit.com/datasheets/WS2812B.pdf"
"","","RGB104","WS2812B","LED:WS2812B","LED_SMD:LED_WS2812B_PLCC4_5.0x5.0mm_P3.2mm","https://cdn-shop.adafruit.com/datasheets/WS2812B.pdf"
"","","SW1","ESC","Switch:SW_SPST","Button_Switch_Keyboard:SW_Cherry_MX_1.00u_PCB","~"
"","","SW2","F1","Switch:SW_SPST","Button_Switch_Keyboard:SW_Cherry_MX_1.00u_PCB","~"
"","","SW3","F2","Switch:SW_SPST","Button_Switch_Keyboard:SW_Cherry_MX_1.00u_PCB","~"
"","","SW4","F3","Switch:SW_SPST","Button_Switch_Keyboard:SW_Cherry_MX_1.00u_PCB","~"
"","","SW5","F4","Switch:SW_SPST","Button_Switch_Keyboard:SW_Cherry_MX_1.00u_PCB","~"
"","","SW6","F5","Switch:SW_SPST","Button_Switch_Keyboard:SW_Cherry_MX_1.00u_PCB","~"
"","","SW7","`","Switch:SW_SPST","Button_Switch_Keyboard:SW_Cherry_MX_1.00u_PCB","~"
"","","SW8","1","Switch:SW_SPST","Button_Switch_Keyboard:SW_Cherry_MX_1.00u_PCB","~"
"","","SW9","2","Switch:SW_SPST","Button_Switch_Keyboard:SW_Cherry_MX_1.00u_PCB","~"
"","","SW10","3","Switch:SW_SPST","Button_Switch_Keyboard:SW_Cherry_MX_1.00u_PCB","~"
"","","SW11","4","Switch:SW_SPST","Button_Switch_Keyboard:SW_Cherry_MX_1.00u_PCB","~"
"","","SW12","5","Switch:SW_SPST","Button_Switch_Keyboard:SW_Cherry_MX_1.00u_PCB","~"
"","","SW13","TAB","Switch:SW_SPST","Button_Switch_Keyboard:SW_Cherry_MX_1.50u_PCB","~"
"","","SW14","Q","Switch:SW_SPST","Button_Switch_Keyboard:SW_Cherry_MX_1.00u_PCB","~"
"","","SW15","W","Switch:SW_SPST","Button_Switch_Keyboard:SW_Cherry_MX_1.00u_PCB","~"
"","","SW16","E","Switch:SW_SPST","Button_Switch_Keyboard:SW_Cherry_MX_1.00u_PCB","~"
"","","SW17","R","Switch:SW_SPST","Button_Switch_Keyboard:SW_Cherry_MX_1.00u_PCB","~"
"","","SW18","T","Switch:SW_SPST","Button_Switch_Keyboard:SW_Cherry_MX_1.00u_PCB","~"
"","","SW19","MAYUS","Switch:SW_SPST","Button_Switch_Keyboard:SW_Cherry_MX_1.75u_PCB","~"
"","","SW20","A","Switch:SW_SPST","Button_Switch_Keyboard:SW_Cherry_MX_1.00u_PCB","~"
"","","SW21","S","Switch:SW_SPST","Button_Switch_Keyboard:SW_Cherry_MX_1.00u_PCB","~"
"","","SW22","D","Switch:SW_SPST","Button_Switch_Keyboard:SW_Cherry_MX_1.00u_PCB","~"
"","","SW23","F","Switch:SW_SPST","Button_Switch_Keyboard:SW_Cherry_MX_1.00u_PCB","~"
"","","SW24","G","Switch:SW_SPST","Button_Switch_Keyboard:SW_Cherry_MX_1.00u_PCB","~"
"","","SW25","L_SHIFT","Switch:SW_SPST","Button_Switch_Keyboard:SW_Cherry_MX_2.25u_PCB","~"
"","","SW26","Z","Switch:SW_SPST","Button_Switch_Keyboard:SW_Cherry_MX_1.00u_PCB","~"
"","","SW27","X","Switch:SW_SPST","Button_Switch_Keyboard:SW_Cherry_MX_1.00u_PCB","~"
"","","SW28","C","Switch:SW_SPST","Button_Switch_Keyboard:SW_Cherry_MX_1.00u_PCB","~"
"","","SW29","V","Switch:SW_SPST","Button_Switch_Keyboard:SW_Cherry_MX_1.00u_PCB","~"
"","","SW30","B","Switch:SW_SPST","Button_Switch_Keyboard:SW_Cherry_MX_1.00u_PCB","~"
"","","SW31","L_CRTL","Switch:SW_SPST","Button_Switch_Keyboard:SW_Cherry_MX_1.25u_PCB","~"
"","","SW32","OS","Switch:SW_SPST","Button_Switch_Keyboard:SW_Cherry_MX_1.25u_PCB","~"
"","","SW33","L_ALT","Switch:SW_SPST","Button_Switch_Keyboard:SW_Cherry_MX_1.25u_PCB","~"
"","","SW34","L_SPACE","Switch:SW_SPST","Button_Switch_Keyboard:SW_Cherry_MX_2.75u_PCB","~"
"","","SW35","F6","Switch:SW_SPST","Button_Switch_Keyboard:SW_Cherry_MX_1.00u_PCB","~"
"","","SW36","6","Switch:SW_SPST","Button_Switch_Keyboard:SW_Cherry_MX_1.00u_PCB","~"
"","","SW37","F7","Switch:SW_SPST","Button_Switch_Keyboard:SW_Cherry_MX_1.00u_PCB","~"
"","","SW38","F8","Switch:SW_SPST","Button_Switch_Keyboard:SW_Cherry_MX_1.00u_PCB","~"
"","","SW39","F9","Switch:SW_SPST","Button_Switch_Keyboard:SW_Cherry_MX_1.00u_PCB","~"
"","","SW40","F10","Switch:SW_SPST","Button_Switch_Keyboard:SW_Cherry_MX_1.00u_PCB","~"
"","","SW41","11","Switch:SW_SPST","Button_Switch_Keyboard:SW_Cherry_MX_1.00u_PCB","~"
"","","SW42","F12","Switch:SW_SPST","Button_Switch_Keyboard:SW_Cherry_MX_1.00u_PCB","~"
"","","SW43","PRT_SCR","Switch:SW_SPST","Button_Switch_Keyboard:SW_Cherry_MX_1.00u_PCB","~"
"","","SW44","DEL","Switch:SW_SPST","Button_Switch_Keyboard:SW_Cherry_MX_1.00u_PCB","~"
"","","SW45","7","Switch:SW_SPST","Button_Switch_Keyboard:SW_Cherry_MX_1.00u_PCB","~"
"","","SW46","8","Switch:SW_SPST","Button_Switch_Keyboard:SW_Cherry_MX_1.00u_PCB","~"
"","","SW47","9","Switch:SW_SPST","Button_Switch_Keyboard:SW_Cherry_MX_1.00u_PCB","~"
"","","SW48","0","Switch:SW_SPST","Button_Switch_Keyboard:SW_Cherry_MX_1.00u_PCB","~"
"","","SW49","-","Switch:SW_SPST","Button_Switch_Keyboard:SW_Cherry_MX_1.00u_PCB","~"
"","","SW50","=","Switch:SW_SPST","Button_Switch_Keyboard:SW_Cherry_MX_1.00u_PCB","~"
"","","SW51","BACKSPACE","Switch:SW_SPST","Button_Switch_Keyboard:SW_Cherry_MX_2.00u_PCB","~"
"","","SW52","R_SPACE","Switch:SW_SPST","Button_Switch_Keyboard:SW_Cherry_MX_2.75u_PCB","~"
"","","SW53","Y","Switch:SW_SPST","Button_Switch_Keyboard:SW_Cherry_MX_1.00u_PCB","~"
"","","SW54","U","Switch:SW_SPST","Button_Switch_Keyboard:SW_Cherry_MX_1.00u_PCB","~"
"","","SW55","I","Switch:SW_SPST","Button_Switch_Keyboard:SW_Cherry_MX_1.00u_PCB","~"
"","","SW56","O","Switch:SW_SPST","Button_Switch_Keyboard:SW_Cherry_MX_1.00u_PCB","~"
"","","SW57","P","Switch:SW_SPST","Button_Switch_Keyboard:SW_Cherry_MX_1.00u_PCB","~"
"","","SW58","[","Switch:SW_SPST","Button_Switch_Keyboard:SW_Cherry_MX_1.00u_PCB","~"
"","","SW59","]","Switch:SW_SPST","Button_Switch_Keyboard:SW_Cherry_MX_1.00u_PCB","~"
"","","SW60","R_ALT","Switch:SW_SPST","Button_Switch_Keyboard:SW_Cherry_MX_1.00u_PCB","~"
"","","SW61","H","Switch:SW_SPST","Button_Switch_Keyboard:SW_Cherry_MX_1.00u_PCB","~"
"","","SW62","J","Switch:SW_SPST","Button_Switch_Keyboard:SW_Cherry_MX_1.00u_PCB","~"
"","","SW63","K","Switch:SW_SPST","Button_Switch_Keyboard:SW_Cherry_MX_1.00u_PCB","~"
"","","SW64","L","Switch:SW_SPST","Button_Switch_Keyboard:SW_Cherry_MX_1.00u_PCB","~"
"","","SW65",";","Switch:SW_SPST","Button_Switch_Keyboard:SW_Cherry_MX_1.00u_PCB","~"
"","","SW66","'","Switch:SW_SPST","Button_Switch_Keyboard:SW_Cherry_MX_1.00u_PCB","~"
"","","SW67","ENTER","Switch:SW_SPST","Button_Switch_Keyboard:SW_Cherry_MX_2.25u_PCB","~"
"","","SW68","FN","Switch:SW_SPST","Button_Switch_Keyboard:SW_Cherry_MX_1.00u_PCB","~"
"","","SW69","N","Switch:SW_SPST","Button_Switch_Keyboard:SW_Cherry_MX_1.00u_PCB","~"
"","","SW70","M","Switch:SW_SPST","Button_Switch_Keyboard:SW_Cherry_MX_1.00u_PCB","~"
"","","SW71",",","Switch:SW_SPST","Button_Switch_Keyboard:SW_Cherry_MX_1.00u_PCB","~"
"","","SW72",".","Switch:SW_SPST","Button_Switch_Keyboard:SW_Cherry_MX_1.00u_PCB","~"
"","","SW73","/","Switch:SW_SPST","Button_Switch_Keyboard:SW_Cherry_MX_1.00u_PCB","~"
"","","SW74","R_SHIFT","Switch:SW_SPST","Button_Switch_Keyboard:SW_Cherry_MX_1.75u_PCB","~"
"","","SW75","UP","Switch:SW_SPST","Button_Switch_Keyboard:SW_Cherry_MX_1.00u_PCB","~"
"","","SW76","R_CTRL","Switch:SW_SPST","Button_Switch_Keyboard:SW_Cherry_MX_1.00u_PCB","~"
"","","SW77","LEFT","Switch:SW_SPST","Button_Switch_Keyboard:SW_Cherry_MX_1.00u_PCB","~"
"","","SW78","DOWN","Switch:SW_SPST","Button_Switch_Keyboard:SW_Cherry_MX_1.00u_PCB","~"
"","","SW79","\","Switch:SW_SPST","Button_Switch_Keyboard:SW_Cherry_MX_1.50u_PCB","~"
"","","SW80","RIGHT","Switch:SW_SPST","Button_Switch_Keyboard:SW_Cherry_MX_1.00u_PCB","~"
"","","SW81","MACRO1","Switch:SW_SPST","Button_Switch_Keyboard:SW_Cherry_MX_1.00u_PCB","~"
"","","SW82","MACRO2","Switch:SW_SPST","Button_Switch_Keyboard:SW_Cherry_MX_1.00u_PCB","~"
"","","SW83","MACRO3","Switch:SW_SPST","Button_Switch_Keyboard:SW_Cherry_MX_1.00u_PCB","~"
"","","SW84","NUMPAD1","Switch:SW_SPST","Button_Switch_Keyboard:SW_Cherry_MX_1.00u_PCB","~"
"","","SW85","NUMPAD2","Switch:SW_SPST","Button_Switch_Keyboard:SW_Cherry_MX_1.00u_PCB","~"
"","","SW86","NUMPAD3","Switch:SW_SPST","Button_Switch_Keyboard:SW_Cherry_MX_1.00u_PCB","~"
"","","SW87","NUMPAD4","Switch:SW_SPST","Button_Switch_Keyboard:SW_Cherry_MX_1.00u_PCB","~"
"","","SW88","NUMPAD5","Switch:SW_SPST","Button_Switch_Keyboard:SW_Cherry_MX_1.00u_PCB","~"
"","","SW89","NUMPAD6","Switch:SW_SPST","Button_Switch_Keyboard:SW_Cherry_MX_1.00u_PCB","~"
"","","SW90","NUMPAD7","Switch:SW_SPST","Button_Switch_Keyboard:SW_Cherry_MX_1.00u_PCB","~"
"","","SW91","NUMPAD8","Switch:SW_SPST","Button_Switch_Keyboard:SW_Cherry_MX_1.00u_PCB","~"
"","","SW92","NUMPAD9","Switch:SW_SPST","Button_Switch_Keyboard:SW_Cherry_MX_1.00u_PCB","~"
"","","SW93","NUMPAD10","Switch:SW_SPST","Button_Switch_Keyboard:SW_Cherry_MX_1.00u_PCB","~"
"","","SW94","NUMPAD11","Switch:SW_SPST","Button_Switch_Keyboard:SW_Cherry_MX_1.00u_PCB","~"
"","","SW95","NUMPAD12","Switch:SW_SPST","Button_Switch_Keyboard:SW_Cherry_MX_1.00u_PCB","~"
"","","SW96","NUMPAD13","Switch:SW_SPST","Button_Switch_Keyboard:SW_Cherry_MX_1.00u_PCB","~"
"","","SW97","NUMPAD14","Switch:SW_SPST","Button_Switch_Keyboard:SW_Cherry_MX_1.00u_PCB","~"
"","","SW98","NUMPAD15","Switch:SW_SPST","Button_Switch_Keyboard:SW_Cherry_MX_1.00u_PCB","~"
"","","SW99","NUMPAD16","Switch:SW_SPST","Button_Switch_Keyboard:SW_Cherry_MX_1.00u_PCB","~"
"","","SW100","NUMPAD17","Switch:SW_SPST","Button_Switch_Keyboard:SW_Cherry_MX_1.00u_PCB","~"
"","","SW101","NUMPAD18","Switch:SW_SPST","Button_Switch_Keyboard:SW_Cherry_MX_1.00u_PCB","~"
"","","SW102","NUMPAD19","Switch:SW_SPST","Button_Switch_Keyboard:SW_Cherry_MX_1.00u_PCB","~"
"","","SW103","NUMPAD20","Switch:SW_SPST","Button_Switch_Keyboard:SW_Cherry_MX_1.00u_PCB","~"
"","","SW104","RESET_SW","Switch:SW_SPST","Switches:SPST-4_leads","~"
"","","SW105","RESET_SW","Switch:SW_SPST","Switches:SPST-4_leads","~"
"","","SW106","RESET_SW","Switch:SW_SPST","Switches:SPST-4_leads","~"
"","","SW107","SPDT","Switch:SW_SPDT","Connector_PinHeader_2.54mm:PinHeader_1x03_P2.54mm_Vertical","~"
"","","SW108","MACRO4","Switch:SW_SPST","Button_Switch_Keyboard:SW_Cherry_MX_1.00u_PCB","~"
"","","TP1","BAT+","Connector:TestPoint","TestPoint:TestPoint_Pad_D3.0mm","~"
"","","TP2","BAT-","Connector:TestPoint","TestPoint:TestPoint_Pad_D3.0mm","~"
"","","TP3","TX_L","Connector:TestPoint","TestPoint:TestPoint_Pad_D3.0mm","~"
"","","TP4","RX_L","Connector:TestPoint","TestPoint:TestPoint_Pad_D3.0mm","~"
"","","TP5","TX_R","Connector:TestPoint","TestPoint:TestPoint_Pad_D3.0mm","~"
"","","TP6","RX_R","Connector:TestPoint","TestPoint:TestPoint_Pad_D3.0mm","~"
"","","TP7","TX_L","Connector:TestPoint","TestPoint:TestPoint_Pad_D3.0mm","~"
"","","TP8","RX_L","Connector:TestPoint","TestPoint:TestPoint_Pad_D3.0mm","~"
"","","TP9","TX_R","Connector:TestPoint","TestPoint:TestPoint_Pad_D3.0mm","~"
"","","TP10","RX_R","Connector:TestPoint","TestPoint:TestPoint_Pad_D3.0mm","~"
"","","TP11","TX_L","Connector:TestPoint","TestPoint:TestPoint_Pad_D3.0mm","~"
"","","TP12","RX_L","Connector:TestPoint","TestPoint:TestPoint_Pad_D3.0mm","~"
"","","TP13","TX_R","Connector:TestPoint","TestPoint:TestPoint_Pad_D3.0mm","~"
"","","TP14","RX_R","Connector:TestPoint","TestPoint:TestPoint_Pad_D3.0mm","~"
"","","U1","Bluetooth serial HM-10","HM-10:HM-10_Reduced","Connector_PinHeader_2.54mm:PinHeader_1x06_P2.54mm_Vertical",""
"","","U2","ATmega2560-16A","MCU_Microchip_ATmega:ATmega2560-16A","Package_QFP:TQFP-100_14x14mm_P0.5mm","http://ww1.microchip.com/downloads/en/DeviceDoc/Atmel-2549-8-bit-AVR-Microcontroller-ATmega640-1280-1281-2560-2561_datasheet.pdf"
"","","U3","ATmega16U2-A","MCU_Microchip_ATmega:ATmega16U2-A","Package_QFP:TQFP-32_7x7mm_P0.8mm","http://ww1.microchip.com/downloads/en/DeviceDoc/doc7799.pdf"
"","","U4","GL850G-HHGXX(SSOP-28)","OLIMEX_IC:GL850G-HHGXX(SSOP-28)","Package_SO:SSOP-28_5.3x10.2mm_P0.65mm",""
"","","U5","GL850G-HHGXX(SSOP-28)","OLIMEX_IC:GL850G-HHGXX(SSOP-28)","Package_SO:SSOP-28_5.3x10.2mm_P0.65mm",""
"","","U6","GL850G-HHGXX(SSOP-28)","OLIMEX_IC:GL850G-HHGXX(SSOP-28)","Package_SO:SSOP-28_5.3x10.2mm_P0.65mm",""
"","","U7","TP4056","Li-Ion Charge Boost Protect:TP4056","Package_SO:SOP-8-1EP_4.57x4.57mm_P1.27mm_EP4.57x4.45mm_ThermalVias",""
"","","U8","MT3608","Regulator_Switching:MT3608","Package_TO_SOT_SMD:SOT-23-6","https://www.olimex.com/Products/Breadboarding/BB-PWR-3608/resources/MT3608.pdf"
"","","U9","FS312F-G","Li-Ion Charge Boost Protect:FS312F-G","Package_TO_SOT_SMD:SOT-23-6",""
"","","U10","ATmega2560-16A","MCU_Microchip_ATmega:ATmega2560-16A","Package_QFP:TQFP-100_14x14mm_P0.5mm","http://ww1.microchip.com/downloads/en/DeviceDoc/Atmel-2549-8-bit-AVR-Microcontroller-ATmega640-1280-1281-2560-2561_datasheet.pdf"
"","","U11","ATmega16U2-A","MCU_Microchip_ATmega:ATmega16U2-A","Package_QFP:TQFP-32_7x7mm_P0.8mm","http://ww1.microchip.com/downloads/en/DeviceDoc/doc7799.pdf"
"","","U12","ATmega2560-16A","MCU_Microchip_ATmega:ATmega2560-16A","Package_QFP:TQFP-100_14x14mm_P0.5mm","http://ww1.microchip.com/downloads/en/DeviceDoc/Atmel-2549-8-bit-AVR-Microcontroller-ATmega640-1280-1281-2560-2561_datasheet.pdf"
"","","U13","ATmega16U2-A","MCU_Microchip_ATmega:ATmega16U2-A","Package_QFP:TQFP-32_7x7mm_P0.8mm","http://ww1.microchip.com/downloads/en/DeviceDoc/doc7799.pdf"
"","","USB1","USB_A","Connector:USB_A","Connector_USB:USB_A_Molex_67643_Horizontal"," ~"
"","","USB2","USB_C_Receptacle_USB2.0","Connector:USB_C_Receptacle_USB2.0","Connector_USB:USB_C_Receptacle_Palconn_UTC16-G","https://www.usb.org/sites/default/files/documents/usb_type-c.zip"
"","","USB3","USB_C_Receptacle_USB2.0","Connector:USB_C_Receptacle_USB2.0","Connector_USB:USB_C_Receptacle_Palconn_UTC16-G","https://www.usb.org/sites/default/files/documents/usb_type-c.zip"
"","","USB4","USB_C_Receptacle_USB2.0","Connector:USB_C_Receptacle_USB2.0","Connector_USB:USB_C_Receptacle_Palconn_UTC16-G","https://www.usb.org/sites/default/files/documents/usb_type-c.zip"
"","","USB5","USB_A","Connector:USB_A","Connector_USB:USB_A_Molex_67643_Horizontal"," ~"
"","","USB6","USB_C_Receptacle_USB2.0","Connector:USB_C_Receptacle_USB2.0","Connector_USB:USB_C_Receptacle_Palconn_UTC16-G","https://www.usb.org/sites/default/files/documents/usb_type-c.zip"
"","","USB7","USB_C_Receptacle_USB2.0","Connector:USB_C_Receptacle_USB2.0","Connector_USB:USB_C_Receptacle_Palconn_UTC16-G","https://www.usb.org/sites/default/files/documents/usb_type-c.zip"
"","","USB8","USB_C_Receptacle_USB2.0","Connector:USB_C_Receptacle_USB2.0","Connector_USB:USB_C_Receptacle_Palconn_UTC16-G","https://www.usb.org/sites/default/files/documents/usb_type-c.zip"
"","","USB9","USB_A","Connector:USB_A","Connector_USB:USB_A_Molex_67643_Horizontal"," ~"
"","","USB10","USB_C_Receptacle_USB2.0","Connector:USB_C_Receptacle_USB2.0","Connector_USB:USB_C_Receptacle_Palconn_UTC16-G","https://www.usb.org/sites/default/files/documents/usb_type-c.zip"
"","","USB11","USB_C_Receptacle_USB2.0","Connector:USB_C_Receptacle_USB2.0","Connector_USB:USB_C_Receptacle_Palconn_UTC16-G","https://www.usb.org/sites/default/files/documents/usb_type-c.zip"
"","","USB12","USB_C_Receptacle_USB2.0","Connector:USB_C_Receptacle_USB2.0","Connector_USB:USB_C_Receptacle_Palconn_UTC16-G","https://www.usb.org/sites/default/files/documents/usb_type-c.zip"
"","","Y1","16MHz","Device:Crystal_GND24","Crystal:Crystal_SMD_3225-4Pin_3.2x2.5mm","~"
"","","Y2","16MHz","Device:Crystal_GND24","Crystal:Crystal_SMD_3225-4Pin_3.2x2.5mm","~"
"","","Y3","12MHz","Device:Crystal_GND24","Crystal:Crystal_SMD_3225-4Pin_3.2x2.5mm","~"
"","","Y4","12MHz","Device:Crystal_GND24","Crystal:Crystal_SMD_3225-4Pin_3.2x2.5mm","~"
"","","Y5","12MHz","Device:Crystal_GND24","Crystal:Crystal_SMD_3225-4Pin_3.2x2.5mm","~"
"","","Y6","16MHz","Device:Crystal_GND24","Crystal:Crystal_SMD_3225-4Pin_3.2x2.5mm","~"
"","","Y7","16MHz","Device:Crystal_GND24","Crystal:Crystal_SMD_3225-4Pin_3.2x2.5mm","~"
"","","Y8","16MHz","Device:Crystal_GND24","Crystal:Crystal_SMD_3225-4Pin_3.2x2.5mm","~"
"","","Y9","16MHz","Device:Crystal_GND24","Crystal:Crystal_SMD_3225-4Pin_3.2x2.5mm","~"



"Collated Components:"

"Item","Qty","Reference(s)","Value","LibPart","Footprint","Datasheet"
"1","105","C1, C2, C3, C4, C5, C6, C7, C8, C9, C10, C11, C12, C13, C14, C15, C16, C17, C18, C19, C20, C21, C22, C23, C24, C25, C26, C27, C28, C29, C30, C31, C32, C33, C34, C35, C36, C37, C38, C39, C40, C41, C42, C43, C44, C45, C46, C47, C48, C49, C50, C51, C52, C53, C54, C55, C56, C57, C58, C59, C60, C61, C62, C63, C64, C65, C66, C67, C68, C69, C70, C71, C72, C73, C74, C75, C76, C77, C78, C79, C80, C81, C82, C83, C84, C85, C86, C87, C88, C89, C90, C91, C92, C93, C94, C95, C96, C97, C98, C99, C100, C101, C102, C103, C104, C158","100n","Device:C","Capacitor_SMD:C_0603_1608Metric","~"
"2","10","C105, C106, C107, C108, C109, C110, C111, C112, C183, C184","10nF","Device:C","Capacitor_SMD:C_0603_1608Metric","~"
"3","3","C113, C163, C173","22pF","Device:C","Capacitor_SMD:C_0603_1608Metric","~"
"4","18","C114, C115, C123, C124, C135, C136, C147, C148, C160, C161, C164, C165, C170, C171, C174, C175, C180, C181","20pF","Device:C","Capacitor_SMD:C_0603_1608Metric","~"
"5","45","C116, C117, C118, C119, C120, C121, C122, C125, C126, C127, C128, C129, C130, C131, C132, C133, C134, C137, C138, C139, C140, C141, C142, C143, C144, C145, C146, C149, C150, C151, C152, C153, C154, C159, C166, C167, C168, C169, C176, C177, C178, C179, C185, C186, C187","100nF","Device:C","Capacitor_SMD:C_0603_1608Metric","~"
"6","2","C155, C157","22uF","Device:C","Capacitor_SMD:C_0603_1608Metric","~"
"7","1","C156","10uF","Device:C","Capacitor_SMD:C_0603_1608Metric","~"
"8","3","C162, C172, C182","1uF","Device:C","Capacitor_SMD:C_0603_1608Metric","~"
"9","112","D1, D2, D3, D4, D5, D6, D7, D8, D9, D10, D11, D12, D13, D14, D15, D16, D17, D18, D19, D20, D21, D22, D23, D24, D25, D26, D27, D28, D29, D30, D31, D32, D33, D34, D35, D36, D37, D38, D39, D40, D41, D42, D43, D44, D45, D46, D47, D48, D49, D50, D51, D52, D53, D54, D55, D56, D57, D58, D59, D60, D61, D62, D63, D64, D65, D66, D67, D68, D69, D70, D71, D72, D73, D74, D75, D76, D77, D78, D79, D80, D81, D82, D83, D84, D85, D86, D87, D88, D89, D90, D91, D92, D93, D94, D95, D96, D97, D98, D99, D100, D101, D102, D103, D104, D105, D106, D107, D110, D115, D129, D132, D133","1N4148W","Device:D","Diode_SMD:D_SOD-123","~"
"10","6","D108, D113, D118, D120, D122, D127","GREEN","Device:LED","LED_SMD:LED_0805_2012Metric","~"
"11","12","D109, D111, D112, D114, D116, D117, D119, D121, D126, D128, D130, D131","YELLOW","Device:LED","LED_SMD:LED_0805_2012Metric","~"
"12","1","D123","SS34","Device:D_Schottky","Diode_SMD:D_SMC","~"
"13","1","D124","Red","Device:LED","LED_SMD:LED_0805_2012Metric","~"
"14","1","D125","Green","Device:LED","LED_SMD:LED_0805_2012Metric","~"
"15","3","F4, F5, F6","750mA 13.2V Fast Acting","Device:Fuse","Fuse:Fuse_1812_4532Metric","~"
"16","12","FB1, FB2, FB3, FB4, FB5, FB6, FB7, FB8, FB9, FB10, FB11, FB12","60H","Device:L","Inductor_SMD:L_0805_2012Metric","~"
"17","3","J1, J3, J5","ICSP","Pin Header:Pin_Header_3x2","Connector_PinHeader_2.54mm:PinHeader_2x03_P2.54mm_Vertical",""
"18","3","J2, J4, J6","ICSP",":Pin_Header_3x2_1","Connector_PinHeader_2.54mm:PinHeader_2x03_P2.54mm_Vertical",""
"19","14","J14, J15, J16, J17, J18, J19, J20, J21, J22, J23, J24, J26, J27, J28","SCREW","Connector:Screw_Terminal_01x01","MountingHole:MountingHole_3.2mm_M3_Pad","~"
"20","1","JP1","Voltage selection","Jumper:Jumper_3_Bridged12","Jumper:SolderJumper-3_P1.3mm_Open_Pad1.0x1.5mm","~"
"21","6","L1, L2, L3, L4, L5, L6","1uH","Device:L","Inductor_SMD:L_0805_2012Metric","~"
"22","1","L7","22uH","Device:L","Inductor_SMD:L_7.3x7.3_H4.5","~"
"23","1","LCD1","GC9A01","GC9A01:GC9A01","Connector_PinHeader_2.54mm:PinHeader_2x04_P2.54mm_Horizontal",""
"24","12","PC1, PC2, PC6, PC7, PC8, PC12, PC13, PC14, PC18, PC19, PC20, PC21","100uF","Device:C_Polarized_US","Capacitor_SMD:CP_Elec_6.3x5.7","~"
"25","3","PC3, PC9, PC15","10uF","Device:C_Polarized_US","Capacitor_SMD:CP_Elec_6.3x5.7","~"
"26","6","PC4, PC5, PC10, PC11, PC16, PC17","1uF","Device:C_Polarized_US","Capacitor_SMD:CP_Elec_6.3x5.7","~"
"27","1","Q1","FS8205","Li-Ion Charge Boost Protect:FS8205","Package_TO_SOT_SMD:SOT-23-6",""
"28","38","R1, R2, R3, R4, R5, R6, R7, R8, R9, R10, R11, R12, R13, R14, R15, R16, R17, R22, R23, R24, R25, R26, R27, R32, R33, R34, R35, R36, R37, R99, R100, R101, R102, R103, R104, R105, R106, R107","10K","Device:R_US","Resistor_SMD:R_0603_1608Metric","~"
"29","13","R18, R19, R28, R29, R87, R88, R89, R90, R91, R93, R94, R95, R96","1K","Device:R_US","Resistor_SMD:R_0603_1608Metric","~"
"30","3","R20, R30, R97","1M","Device:R_US","Resistor_SMD:R_0603_1608Metric","~"
"31","3","R21, R31, R98","27R","Device:R_US","Resistor_SMD:R_0603_1608Metric","~"
"32","18","R38, R39, R47, R48, R52, R53, R54, R55, R63, R64, R68, R69, R70, R71, R79, R80, R84, R85","5.1K","Device:R","Resistor_SMD:R_0603_1608Metric","~"
"33","12","R40, R49, R50, R51, R56, R65, R66, R67, R72, R81, R82, R83","10K","Device:R","Resistor_SMD:R_0603_1608Metric","~"
"34","3","R41, R57, R73","47K","Device:R","Resistor_SMD:R_0603_1608Metric","~"
"35","3","R42, R58, R74","100K","Device:R","Resistor_SMD:R_0603_1608Metric","~"
"36","3","R43, R59, R75","510K","Device:R","Resistor_SMD:R_0603_1608Metric","~"
"37","3","R44, R60, R76","680R","Device:R","Resistor_SMD:R_0603_1608Metric","~"
"38","6","R45, R46, R61, R62, R77, R78","22K","Device:R","Resistor_SMD:R_0603_1608Metric","~"
"39","1","R86","7.5K","Device:R_US","Resistor_SMD:R_0603_1608Metric","~"
"40","1","R92","100R","Device:R_US","Resistor_SMD:R_0603_1608Metric","~"
"41","5","RE1, RE2, RE3, RE4, RE5","EC11","Device:RotaryEncoder_Switch","Rotary_Encoder:RotaryEncoder_Alps_EC11E-Switch_Vertical_H20mm","~"
"42","104","RGB1, RGB2, RGB3, RGB4, RGB5, RGB6, RGB7, RGB8, RGB9, RGB10, RGB11, RGB12, RGB13, RGB14, RGB15, RGB16, RGB17, RGB18, RGB19, RGB20, RGB21, RGB22, RGB23, RGB24, RGB25, RGB26, RGB27, RGB28, RGB29, RGB30, RGB31, RGB32, RGB33, RGB34, RGB35, RGB36, RGB37, RGB38, RGB39, RGB40, RGB41, RGB42, RGB43, RGB44, RGB45, RGB46, RGB47, RGB48, RGB49, RGB50, RGB51, RGB52, RGB53, RGB54, RGB55, RGB56, RGB57, RGB58, RGB59, RGB60, RGB61, RGB62, RGB63, RGB64, RGB65, RGB66, RGB67, RGB68, RGB69, RGB70, RGB71, RGB72, RGB73, RGB74, RGB75, RGB76, RGB77, RGB78, RGB79, RGB80, RGB81, RGB82, RGB83, RGB84, RGB85, RGB86, RGB87, RGB88, RGB89, RGB90, RGB91, RGB92, RGB93, RGB94, RGB95, RGB96, RGB97, RGB98, RGB99, RGB100, RGB101, RGB102, RGB103, RGB104","WS2812B","LED:WS2812B","LED_SMD:LED_WS2812B_PLCC4_5.0x5.0mm_P3.2mm","https://cdn-shop.adafruit.com/datasheets/WS2812B.pdf"
"43","1","SW1","ESC","Switch:SW_SPST","Button_Switch_Keyboard:SW_Cherry_MX_1.00u_PCB","~"
"44","1","SW2","F1","Switch:SW_SPST","Button_Switch_Keyboard:SW_Cherry_MX_1.00u_PCB","~"
"45","1","SW3","F2","Switch:SW_SPST","Button_Switch_Keyboard:SW_Cherry_MX_1.00u_PCB","~"
"46","1","SW4","F3","Switch:SW_SPST","Button_Switch_Keyboard:SW_Cherry_MX_1.00u_PCB","~"
"47","1","SW5","F4","Switch:SW_SPST","Button_Switch_Keyboard:SW_Cherry_MX_1.00u_PCB","~"
"48","1","SW6","F5","Switch:SW_SPST","Button_Switch_Keyboard:SW_Cherry_MX_1.00u_PCB","~"
"49","1","SW7","`","Switch:SW_SPST","Button_Switch_Keyboard:SW_Cherry_MX_1.00u_PCB","~"
"50","1","SW8","1","Switch:SW_SPST","Button_Switch_Keyboard:SW_Cherry_MX_1.00u_PCB","~"
"51","1","SW9","2","Switch:SW_SPST","Button_Switch_Keyboard:SW_Cherry_MX_1.00u_PCB","~"
"52","1","SW10","3","Switch:SW_SPST","Button_Switch_Keyboard:SW_Cherry_MX_1.00u_PCB","~"
"53","1","SW11","4","Switch:SW_SPST","Button_Switch_Keyboard:SW_Cherry_MX_1.00u_PCB","~"
"54","1","SW12","5","Switch:SW_SPST","Button_Switch_Keyboard:SW_Cherry_MX_1.00u_PCB","~"
"55","1","SW13","TAB","Switch:SW_SPST","Button_Switch_Keyboard:SW_Cherry_MX_1.50u_PCB","~"
"56","1","SW14","Q","Switch:SW_SPST","Button_Switch_Keyboard:SW_Cherry_MX_1.00u_PCB","~"
"57","1","SW15","W","Switch:SW_SPST","Button_Switch_Keyboard:SW_Cherry_MX_1.00u_PCB","~"
"58","1","SW16","E","Switch:SW_SPST","Button_Switch_Keyboard:SW_Cherry_MX_1.00u_PCB","~"
"59","1","SW17","R","Switch:SW_SPST","Button_Switch_Keyboard:SW_Cherry_MX_1.00u_PCB","~"
"60","1","SW18","T","Switch:SW_SPST","Button_Switch_Keyboard:SW_Cherry_MX_1.00u_PCB","~"
"61","1","SW19","MAYUS","Switch:SW_SPST","Button_Switch_Keyboard:SW_Cherry_MX_1.75u_PCB","~"
"62","1","SW20","A","Switch:SW_SPST","Button_Switch_Keyboard:SW_Cherry_MX_1.00u_PCB","~"
"63","1","SW21","S","Switch:SW_SPST","Button_Switch_Keyboard:SW_Cherry_MX_1.00u_PCB","~"
"64","1","SW22","D","Switch:SW_SPST","Button_Switch_Keyboard:SW_Cherry_MX_1.00u_PCB","~"
"65","1","SW23","F","Switch:SW_SPST","Button_Switch_Keyboard:SW_Cherry_MX_1.00u_PCB","~"
"66","1","SW24","G","Switch:SW_SPST","Button_Switch_Keyboard:SW_Cherry_MX_1.00u_PCB","~"
"67","1","SW25","L_SHIFT","Switch:SW_SPST","Button_Switch_Keyboard:SW_Cherry_MX_2.25u_PCB","~"
"68","1","SW26","Z","Switch:SW_SPST","Button_Switch_Keyboard:SW_Cherry_MX_1.00u_PCB","~"
"69","1","SW27","X","Switch:SW_SPST","Button_Switch_Keyboard:SW_Cherry_MX_1.00u_PCB","~"
"70","1","SW28","C","Switch:SW_SPST","Button_Switch_Keyboard:SW_Cherry_MX_1.00u_PCB","~"
"71","1","SW29","V","Switch:SW_SPST","Button_Switch_Keyboard:SW_Cherry_MX_1.00u_PCB","~"
"72","1","SW30","B","Switch:SW_SPST","Button_Switch_Keyboard:SW_Cherry_MX_1.00u_PCB","~"
"73","1","SW31","L_CRTL","Switch:SW_SPST","Button_Switch_Keyboard:SW_Cherry_MX_1.25u_PCB","~"
"74","1","SW32","OS","Switch:SW_SPST","Button_Switch_Keyboard:SW_Cherry_MX_1.25u_PCB","~"
"75","1","SW33","L_ALT","Switch:SW_SPST","Button_Switch_Keyboard:SW_Cherry_MX_1.25u_PCB","~"
"76","1","SW34","L_SPACE","Switch:SW_SPST","Button_Switch_Keyboard:SW_Cherry_MX_2.75u_PCB","~"
"77","1","SW35","F6","Switch:SW_SPST","Button_Switch_Keyboard:SW_Cherry_MX_1.00u_PCB","~"
"78","1","SW36","6","Switch:SW_SPST","Button_Switch_Keyboard:SW_Cherry_MX_1.00u_PCB","~"
"79","1","SW37","F7","Switch:SW_SPST","Button_Switch_Keyboard:SW_Cherry_MX_1.00u_PCB","~"
"80","1","SW38","F8","Switch:SW_SPST","Button_Switch_Keyboard:SW_Cherry_MX_1.00u_PCB","~"
"81","1","SW39","F9","Switch:SW_SPST","Button_Switch_Keyboard:SW_Cherry_MX_1.00u_PCB","~"
"82","1","SW40","F10","Switch:SW_SPST","Button_Switch_Keyboard:SW_Cherry_MX_1.00u_PCB","~"
"83","1","SW41","11","Switch:SW_SPST","Button_Switch_Keyboard:SW_Cherry_MX_1.00u_PCB","~"
"84","1","SW42","F12","Switch:SW_SPST","Button_Switch_Keyboard:SW_Cherry_MX_1.00u_PCB","~"
"85","1","SW43","PRT_SCR","Switch:SW_SPST","Button_Switch_Keyboard:SW_Cherry_MX_1.00u_PCB","~"
"86","1","SW44","DEL","Switch:SW_SPST","Button_Switch_Keyboard:SW_Cherry_MX_1.00u_PCB","~"
"87","1","SW45","7","Switch:SW_SPST","Button_Switch_Keyboard:SW_Cherry_MX_1.00u_PCB","~"
"88","1","SW46","8","Switch:SW_SPST","Button_Switch_Keyboard:SW_Cherry_MX_1.00u_PCB","~"
"89","1","SW47","9","Switch:SW_SPST","Button_Switch_Keyboard:SW_Cherry_MX_1.00u_PCB","~"
"90","1","SW48","0","Switch:SW_SPST","Button_Switch_Keyboard:SW_Cherry_MX_1.00u_PCB","~"
"91","1","SW49","-","Switch:SW_SPST","Button_Switch_Keyboard:SW_Cherry_MX_1.00u_PCB","~"
"92","1","SW50","=","Switch:SW_SPST","Button_Switch_Keyboard:SW_Cherry_MX_1.00u_PCB","~"
"93","1","SW51","BACKSPACE","Switch:SW_SPST","Button_Switch_Keyboard:SW_Cherry_MX_2.00u_PCB","~"
"94","1","SW52","R_SPACE","Switch:SW_SPST","Button_Switch_Keyboard:SW_Cherry_MX_2.75u_PCB","~"
"95","1","SW53","Y","Switch:SW_SPST","Button_Switch_Keyboard:SW_Cherry_MX_1.00u_PCB","~"
"96","1","SW54","U","Switch:SW_SPST","Button_Switch_Keyboard:SW_Cherry_MX_1.00u_PCB","~"
"97","1","SW55","I","Switch:SW_SPST","Button_Switch_Keyboard:SW_Cherry_MX_1.00u_PCB","~"
"98","1","SW56","O","Switch:SW_SPST","Button_Switch_Keyboard:SW_Cherry_MX_1.00u_PCB","~"
"99","1","SW57","P","Switch:SW_SPST","Button_Switch_Keyboard:SW_Cherry_MX_1.00u_PCB","~"
"100","1","SW58","[","Switch:SW_SPST","Button_Switch_Keyboard:SW_Cherry_MX_1.00u_PCB","~"
"101","1","SW59","]","Switch:SW_SPST","Button_Switch_Keyboard:SW_Cherry_MX_1.00u_PCB","~"
"102","1","SW60","R_ALT","Switch:SW_SPST","Button_Switch_Keyboard:SW_Cherry_MX_1.00u_PCB","~"
"103","1","SW61","H","Switch:SW_SPST","Button_Switch_Keyboard:SW_Cherry_MX_1.00u_PCB","~"
"104","1","SW62","J","Switch:SW_SPST","Button_Switch_Keyboard:SW_Cherry_MX_1.00u_PCB","~"
"105","1","SW63","K","Switch:SW_SPST","Button_Switch_Keyboard:SW_Cherry_MX_1.00u_PCB","~"
"106","1","SW64","L","Switch:SW_SPST","Button_Switch_Keyboard:SW_Cherry_MX_1.00u_PCB","~"
"107","1","SW65",";","Switch:SW_SPST","Button_Switch_Keyboard:SW_Cherry_MX_1.00u_PCB","~"
"108","1","SW66","'","Switch:SW_SPST","Button_Switch_Keyboard:SW_Cherry_MX_1.00u_PCB","~"
"109","1","SW67","ENTER","Switch:SW_SPST","Button_Switch_Keyboard:SW_Cherry_MX_2.25u_PCB","~"
"110","1","SW68","FN","Switch:SW_SPST","Button_Switch_Keyboard:SW_Cherry_MX_1.00u_PCB","~"
"111","1","SW69","N","Switch:SW_SPST","Button_Switch_Keyboard:SW_Cherry_MX_1.00u_PCB","~"
"112","1","SW70","M","Switch:SW_SPST","Button_Switch_Keyboard:SW_Cherry_MX_1.00u_PCB","~"
"113","1","SW71",",","Switch:SW_SPST","Button_Switch_Keyboard:SW_Cherry_MX_1.00u_PCB","~"
"114","1","SW72",".","Switch:SW_SPST","Button_Switch_Keyboard:SW_Cherry_MX_1.00u_PCB","~"
"115","1","SW73","/","Switch:SW_SPST","Button_Switch_Keyboard:SW_Cherry_MX_1.00u_PCB","~"
"116","1","SW74","R_SHIFT","Switch:SW_SPST","Button_Switch_Keyboard:SW_Cherry_MX_1.75u_PCB","~"
"117","1","SW75","UP","Switch:SW_SPST","Button_Switch_Keyboard:SW_Cherry_MX_1.00u_PCB","~"
"118","1","SW76","R_CTRL","Switch:SW_SPST","Button_Switch_Keyboard:SW_Cherry_MX_1.00u_PCB","~"
"119","1","SW77","LEFT","Switch:SW_SPST","Button_Switch_Keyboard:SW_Cherry_MX_1.00u_PCB","~"
"120","1","SW78","DOWN","Switch:SW_SPST","Button_Switch_Keyboard:SW_Cherry_MX_1.00u_PCB","~"
"121","1","SW79","\","Switch:SW_SPST","Button_Switch_Keyboard:SW_Cherry_MX_1.50u_PCB","~"
"122","1","SW80","RIGHT","Switch:SW_SPST","Button_Switch_Keyboard:SW_Cherry_MX_1.00u_PCB","~"
"123","1","SW81","MACRO1","Switch:SW_SPST","Button_Switch_Keyboard:SW_Cherry_MX_1.00u_PCB","~"
"124","1","SW82","MACRO2","Switch:SW_SPST","Button_Switch_Keyboard:SW_Cherry_MX_1.00u_PCB","~"
"125","1","SW83","MACRO3","Switch:SW_SPST","Button_Switch_Keyboard:SW_Cherry_MX_1.00u_PCB","~"
"126","1","SW84","NUMPAD1","Switch:SW_SPST","Button_Switch_Keyboard:SW_Cherry_MX_1.00u_PCB","~"
"127","1","SW85","NUMPAD2","Switch:SW_SPST","Button_Switch_Keyboard:SW_Cherry_MX_1.00u_PCB","~"
"128","1","SW86","NUMPAD3","Switch:SW_SPST","Button_Switch_Keyboard:SW_Cherry_MX_1.00u_PCB","~"
"129","1","SW87","NUMPAD4","Switch:SW_SPST","Button_Switch_Keyboard:SW_Cherry_MX_1.00u_PCB","~"
"130","1","SW88","NUMPAD5","Switch:SW_SPST","Button_Switch_Keyboard:SW_Cherry_MX_1.00u_PCB","~"
"131","1","SW89","NUMPAD6","Switch:SW_SPST","Button_Switch_Keyboard:SW_Cherry_MX_1.00u_PCB","~"
"132","1","SW90","NUMPAD7","Switch:SW_SPST","Button_Switch_Keyboard:SW_Cherry_MX_1.00u_PCB","~"
"133","1","SW91","NUMPAD8","Switch:SW_SPST","Button_Switch_Keyboard:SW_Cherry_MX_1.00u_PCB","~"
"134","1","SW92","NUMPAD9","Switch:SW_SPST","Button_Switch_Keyboard:SW_Cherry_MX_1.00u_PCB","~"
"135","1","SW93","NUMPAD10","Switch:SW_SPST","Button_Switch_Keyboard:SW_Cherry_MX_1.00u_PCB","~"
"136","1","SW94","NUMPAD11","Switch:SW_SPST","Button_Switch_Keyboard:SW_Cherry_MX_1.00u_PCB","~"
"137","1","SW95","NUMPAD12","Switch:SW_SPST","Button_Switch_Keyboard:SW_Cherry_MX_1.00u_PCB","~"
"138","1","SW96","NUMPAD13","Switch:SW_SPST","Button_Switch_Keyboard:SW_Cherry_MX_1.00u_PCB","~"
"139","1","SW97","NUMPAD14","Switch:SW_SPST","Button_Switch_Keyboard:SW_Cherry_MX_1.00u_PCB","~"
"140","1","SW98","NUMPAD15","Switch:SW_SPST","Button_Switch_Keyboard:SW_Cherry_MX_1.00u_PCB","~"
"141","1","SW99","NUMPAD16","Switch:SW_SPST","Button_Switch_Keyboard:SW_Cherry_MX_1.00u_PCB","~"
"142","1","SW100","NUMPAD17","Switch:SW_SPST","Button_Switch_Keyboard:SW_Cherry_MX_1.00u_PCB","~"
"143","1","SW101","NUMPAD18","Switch:SW_SPST","Button_Switch_Keyboard:SW_Cherry_MX_1.00u_PCB","~"
"144","1","SW102","NUMPAD19","Switch:SW_SPST","Button_Switch_Keyboard:SW_Cherry_MX_1.00u_PCB","~"
"145","1","SW103","NUMPAD20","Switch:SW_SPST","Button_Switch_Keyboard:SW_Cherry_MX_1.00u_PCB","~"
"146","3","SW104, SW105, SW106","RESET_SW","Switch:SW_SPST","Switches:SPST-4_leads","~"
"147","1","SW107","SPDT","Switch:SW_SPDT","Connector_PinHeader_2.54mm:PinHeader_1x03_P2.54mm_Vertical","~"
"148","1","SW108","MACRO4","Switch:SW_SPST","Button_Switch_Keyboard:SW_Cherry_MX_1.00u_PCB","~"
"149","1","TP1","BAT+","Connector:TestPoint","TestPoint:TestPoint_Pad_D3.0mm","~"
"150","1","TP2","BAT-","Connector:TestPoint","TestPoint:TestPoint_Pad_D3.0mm","~"
"151","3","TP3, TP7, TP11","TX_L","Connector:TestPoint","TestPoint:TestPoint_Pad_D3.0mm","~"
"152","3","TP4, TP8, TP12","RX_L","Connector:TestPoint","TestPoint:TestPoint_Pad_D3.0mm","~"
"153","3","TP5, TP9, TP13","TX_R","Connector:TestPoint","TestPoint:TestPoint_Pad_D3.0mm","~"
"154","3","TP6, TP10, TP14","RX_R","Connector:TestPoint","TestPoint:TestPoint_Pad_D3.0mm","~"
"155","1","U1","Bluetooth serial HM-10","HM-10:HM-10_Reduced","Connector_PinHeader_2.54mm:PinHeader_1x06_P2.54mm_Vertical",""
"156","3","U2, U10, U12","ATmega2560-16A","MCU_Microchip_ATmega:ATmega2560-16A","Package_QFP:TQFP-100_14x14mm_P0.5mm","http://ww1.microchip.com/downloads/en/DeviceDoc/Atmel-2549-8-bit-AVR-Microcontroller-ATmega640-1280-1281-2560-2561_datasheet.pdf"
"157","3","U3, U11, U13","ATmega16U2-A","MCU_Microchip_ATmega:ATmega16U2-A","Package_QFP:TQFP-32_7x7mm_P0.8mm","http://ww1.microchip.com/downloads/en/DeviceDoc/doc7799.pdf"
"158","3","U4, U5, U6","GL850G-HHGXX(SSOP-28)","OLIMEX_IC:GL850G-HHGXX(SSOP-28)","Package_SO:SSOP-28_5.3x10.2mm_P0.65mm",""
"159","1","U7","TP4056","Li-Ion Charge Boost Protect:TP4056","Package_SO:SOP-8-1EP_4.57x4.57mm_P1.27mm_EP4.57x4.45mm_ThermalVias",""
"160","1","U8","MT3608","Regulator_Switching:MT3608","Package_TO_SOT_SMD:SOT-23-6","https://www.olimex.com/Products/Breadboarding/BB-PWR-3608/resources/MT3608.pdf"
"161","1","U9","FS312F-G","Li-Ion Charge Boost Protect:FS312F-G","Package_TO_SOT_SMD:SOT-23-6",""
"162","3","USB1, USB5, USB9","USB_A","Connector:USB_A","Connector_USB:USB_A_Molex_67643_Horizontal"," ~"
"163","9","USB2, USB3, USB4, USB6, USB7, USB8, USB10, USB11, USB12","USB_C_Receptacle_USB2.0","Connector:USB_C_Receptacle_USB2.0","Connector_USB:USB_C_Receptacle_Palconn_UTC16-G","https://www.usb.org/sites/default/files/documents/usb_type-c.zip"
"164","6","Y1, Y2, Y6, Y7, Y8, Y9","16MHz","Device:Crystal_GND24","Crystal:Crystal_SMD_3225-4Pin_3.2x2.5mm","~"
"165","3","Y3, Y4, Y5","12MHz","Device:Crystal_GND24","Crystal:Crystal_SMD_3225-4Pin_3.2x2.5mm","~"
